group	y	yend	x	xend	showSelected1
1	2.37904870689558	1.08809574243987	1	1	1
1	3.75017133682291	1.76653278059875	1.47368421052632	1.47368421052632	1
1	8.0384692598772	2.44496981875763	1.94736842105263	1.94736842105263	1
1	5.77259573021757	3.1234068569165	2.42105263157895	2.42105263157895	1
1	6.60068073347979	3.80184389507538	2.89473684210526	2.89473684210526	1
1	10.4827615527139	4.48028093323426	3.36842105263158	3.36842105263158	1
1	8.68499030671525	5.15871797139313	3.84210526315789	3.84210526315789	1
1	5.94356174131325	5.83715500955201	4.31578947368421	4.31578947368421	1
1	7.81050482252874	6.51559204771088	4.78947368421053	4.78947368421053	1
1	9.00341290190535	7.19402908586976	5.26315789473684	5.26315789473684	1
1	13.0534267527737	7.87246612402864	5.73684210526316	5.73684210526316	1
1	12.0354171277989	8.55090316218751	6.21052631578947	6.21052631578947	1
1	12.8278586906618	9.22934020034639	6.68421052631579	6.68421052631579	1
1	12.9582075371534	9.90777723850527	7.15789473684211	7.15789473684211	1
1	12.3356861515445	10.5862142766641	7.63157894736842	7.63157894736842	1
1	17.7317210104483	11.264651314823	8.10526315789474	8.10526315789474	1
1	15.8641220090901	11.9430883529819	8.57894736842105	8.57894736842105	1
1	11.6457130551618	12.6215253911408	9.05263157894737	9.05263157894737	1
1	17.6921854873379	13.2999624292996	9.52631578947368	9.52631578947368	1
1	16.0544171845441	13.9783994674585	10	10	1
2	2.37904870689558	1.21054472203171	1	1	2
2	3.75017133682291	1.88898176019059	1.47368421052632	1.47368421052632	2
2	8.0384692598772	2.56741879834946	1.94736842105263	1.94736842105263	2
2	5.77259573021757	3.24585583650834	2.42105263157895	2.42105263157895	2
2	6.60068073347979	3.92429287466721	2.89473684210526	2.89473684210526	2
2	10.4827615527139	4.60272991282609	3.36842105263158	3.36842105263158	2
2	8.68499030671525	5.28116695098497	3.84210526315789	3.84210526315789	2
2	5.94356174131325	5.95960398914385	4.31578947368421	4.31578947368421	2
2	7.81050482252874	6.63804102730272	4.78947368421053	4.78947368421053	2
2	9.00341290190535	7.3164780654616	5.26315789473684	5.26315789473684	2
2	13.0534267527737	7.99491510362047	5.73684210526316	5.73684210526316	2
2	12.0354171277989	8.67335214177935	6.21052631578947	6.21052631578947	2
2	12.8278586906618	9.35178917993822	6.68421052631579	6.68421052631579	2
2	12.9582075371534	10.0302262180971	7.15789473684211	7.15789473684211	2
2	12.3356861515445	10.708663256256	7.63157894736842	7.63157894736842	2
2	17.7317210104483	11.3871002944149	8.10526315789474	8.10526315789474	2
2	15.8641220090901	12.0655373325737	8.57894736842105	8.57894736842105	2
2	11.6457130551618	12.7439743707326	9.05263157894737	9.05263157894737	2
2	17.6921854873379	13.4224114088915	9.52631578947368	9.52631578947368	2
2	16.0544171845441	14.1008484470504	10	10	2
3	2.37904870689558	1.33299370162355	1	1	3
3	3.75017133682291	2.01143073978242	1.47368421052632	1.47368421052632	3
3	8.0384692598772	2.6898677779413	1.94736842105263	1.94736842105263	3
3	5.77259573021757	3.36830481610018	2.42105263157895	2.42105263157895	3
3	6.60068073347979	4.04674185425905	2.89473684210526	2.89473684210526	3
3	10.4827615527139	4.72517889241793	3.36842105263158	3.36842105263158	3
3	8.68499030671525	5.4036159305768	3.84210526315789	3.84210526315789	3
3	5.94356174131325	6.08205296873568	4.31578947368421	4.31578947368421	3
3	7.81050482252874	6.76049000689456	4.78947368421053	4.78947368421053	3
3	9.00341290190535	7.43892704505343	5.26315789473684	5.26315789473684	3
3	13.0534267527737	8.11736408321231	5.73684210526316	5.73684210526316	3
3	12.0354171277989	8.79580112137119	6.21052631578947	6.21052631578947	3
3	12.8278586906618	9.47423815953006	6.68421052631579	6.68421052631579	3
3	12.9582075371534	10.1526751976889	7.15789473684211	7.15789473684211	3
3	12.3356861515445	10.8311122358478	7.63157894736842	7.63157894736842	3
3	17.7317210104483	11.5095492740067	8.10526315789474	8.10526315789474	3
3	15.8641220090901	12.1879863121656	8.57894736842105	8.57894736842105	3
3	11.6457130551618	12.8664233503244	9.05263157894737	9.05263157894737	3
3	17.6921854873379	13.5448603884833	9.52631578947368	9.52631578947368	3
3	16.0544171845441	14.2232974266422	10	10	3
4	2.37904870689558	1.45544268121538	1	1	4
4	3.75017133682291	2.13387971937426	1.47368421052632	1.47368421052632	4
4	8.0384692598772	2.81231675753314	1.94736842105263	1.94736842105263	4
4	5.77259573021757	3.49075379569201	2.42105263157895	2.42105263157895	4
4	6.60068073347979	4.16919083385089	2.89473684210526	2.89473684210526	4
4	10.4827615527139	4.84762787200977	3.36842105263158	3.36842105263158	4
4	8.68499030671525	5.52606491016864	3.84210526315789	3.84210526315789	4
4	5.94356174131325	6.20450194832752	4.31578947368421	4.31578947368421	4
4	7.81050482252874	6.88293898648639	4.78947368421053	4.78947368421053	4
4	9.00341290190535	7.56137602464527	5.26315789473684	5.26315789473684	4
4	13.0534267527737	8.23981306280415	5.73684210526316	5.73684210526316	4
4	12.0354171277989	8.91825010096302	6.21052631578947	6.21052631578947	4
4	12.8278586906618	9.5966871391219	6.68421052631579	6.68421052631579	4
4	12.9582075371534	10.2751241772808	7.15789473684211	7.15789473684211	4
4	12.3356861515445	10.9535612154397	7.63157894736842	7.63157894736842	4
4	17.7317210104483	11.6319982535985	8.10526315789474	8.10526315789474	4
4	15.8641220090901	12.3104352917574	8.57894736842105	8.57894736842105	4
4	11.6457130551618	12.9888723299163	9.05263157894737	9.05263157894737	4
4	17.6921854873379	13.6673093680752	9.52631578947368	9.52631578947368	4
4	16.0544171845441	14.345746406234	10	10	4
5	2.37904870689558	1.57789166080722	1	1	5
5	3.75017133682291	2.2563286989661	1.47368421052632	1.47368421052632	5
5	8.0384692598772	2.93476573712497	1.94736842105263	1.94736842105263	5
5	5.77259573021757	3.61320277528385	2.42105263157895	2.42105263157895	5
5	6.60068073347979	4.29163981344272	2.89473684210526	2.89473684210526	5
5	10.4827615527139	4.9700768516016	3.36842105263158	3.36842105263158	5
5	8.68499030671525	5.64851388976048	3.84210526315789	3.84210526315789	5
5	5.94356174131325	6.32695092791936	4.31578947368421	4.31578947368421	5
5	7.81050482252874	7.00538796607823	4.78947368421053	4.78947368421053	5
5	9.00341290190535	7.68382500423711	5.26315789473684	5.26315789473684	5
5	13.0534267527737	8.36226204239598	5.73684210526316	5.73684210526316	5
5	12.0354171277989	9.04069908055486	6.21052631578947	6.21052631578947	5
5	12.8278586906618	9.71913611871373	6.68421052631579	6.68421052631579	5
5	12.9582075371534	10.3975731568726	7.15789473684211	7.15789473684211	5
5	12.3356861515445	11.0760101950315	7.63157894736842	7.63157894736842	5
5	17.7317210104483	11.7544472331904	8.10526315789474	8.10526315789474	5
5	15.8641220090901	12.4328842713492	8.57894736842105	8.57894736842105	5
5	11.6457130551618	13.1113213095081	9.05263157894737	9.05263157894737	5
5	17.6921854873379	13.789758347667	9.52631578947368	9.52631578947368	5
5	16.0544171845441	14.4681953858259	10	10	5
6	2.37904870689558	1.70034064039906	1	1	6
6	3.75017133682291	2.37877767855793	1.47368421052632	1.47368421052632	6
6	8.0384692598772	3.05721471671681	1.94736842105263	1.94736842105263	6
6	5.77259573021757	3.73565175487569	2.42105263157895	2.42105263157895	6
6	6.60068073347979	4.41408879303456	2.89473684210526	2.89473684210526	6
6	10.4827615527139	5.09252583119344	3.36842105263158	3.36842105263158	6
6	8.68499030671525	5.77096286935232	3.84210526315789	3.84210526315789	6
6	5.94356174131325	6.44939990751119	4.31578947368421	4.31578947368421	6
6	7.81050482252874	7.12783694567007	4.78947368421053	4.78947368421053	6
6	9.00341290190535	7.80627398382894	5.26315789473684	5.26315789473684	6
6	13.0534267527737	8.48471102198782	5.73684210526316	5.73684210526316	6
6	12.0354171277989	9.1631480601467	6.21052631578947	6.21052631578947	6
6	12.8278586906618	9.84158509830557	6.68421052631579	6.68421052631579	6
6	12.9582075371534	10.5200221364644	7.15789473684211	7.15789473684211	6
6	12.3356861515445	11.1984591746233	7.63157894736842	7.63157894736842	6
6	17.7317210104483	11.8768962127822	8.10526315789474	8.10526315789474	6
6	15.8641220090901	12.5553332509411	8.57894736842105	8.57894736842105	6
6	11.6457130551618	13.2337702891	9.05263157894737	9.05263157894737	6
6	17.6921854873379	13.9122073272588	9.52631578947368	9.52631578947368	6
6	16.0544171845441	14.5906443654177	10	10	6
7	2.37904870689558	1.82278961999089	1	1	7
7	3.75017133682291	2.50122665814977	1.47368421052632	1.47368421052632	7
7	8.0384692598772	3.17966369630865	1.94736842105263	1.94736842105263	7
7	5.77259573021757	3.85810073446752	2.42105263157895	2.42105263157895	7
7	6.60068073347979	4.5365377726264	2.89473684210526	2.89473684210526	7
7	10.4827615527139	5.21497481078528	3.36842105263158	3.36842105263158	7
7	8.68499030671525	5.89341184894415	3.84210526315789	3.84210526315789	7
7	5.94356174131325	6.57184888710303	4.31578947368421	4.31578947368421	7
7	7.81050482252874	7.2502859252619	4.78947368421053	4.78947368421053	7
7	9.00341290190535	7.92872296342078	5.26315789473684	5.26315789473684	7
7	13.0534267527737	8.60716000157966	5.73684210526316	5.73684210526316	7
7	12.0354171277989	9.28559703973853	6.21052631578947	6.21052631578947	7
7	12.8278586906618	9.96403407789741	6.68421052631579	6.68421052631579	7
7	12.9582075371534	10.6424711160563	7.15789473684211	7.15789473684211	7
7	12.3356861515445	11.3209081542152	7.63157894736842	7.63157894736842	7
7	17.7317210104483	11.999345192374	8.10526315789474	8.10526315789474	7
7	15.8641220090901	12.6777822305329	8.57894736842105	8.57894736842105	7
7	11.6457130551618	13.3562192686918	9.05263157894737	9.05263157894737	7
7	17.6921854873379	14.0346563068507	9.52631578947368	9.52631578947368	7
7	16.0544171845441	14.7130933450095	10	10	7
8	2.37904870689558	1.94523859958273	1	1	8
8	3.75017133682291	2.62367563774161	1.47368421052632	1.47368421052632	8
8	8.0384692598772	3.30211267590048	1.94736842105263	1.94736842105263	8
8	5.77259573021757	3.98054971405936	2.42105263157895	2.42105263157895	8
8	6.60068073347979	4.65898675221824	2.89473684210526	2.89473684210526	8
8	10.4827615527139	5.33742379037711	3.36842105263158	3.36842105263158	8
8	8.68499030671525	6.01586082853599	3.84210526315789	3.84210526315789	8
8	5.94356174131325	6.69429786669487	4.31578947368421	4.31578947368421	8
8	7.81050482252874	7.37273490485374	4.78947368421053	4.78947368421053	8
8	9.00341290190535	8.05117194301262	5.26315789473684	5.26315789473684	8
8	13.0534267527737	8.72960898117149	5.73684210526316	5.73684210526316	8
8	12.0354171277989	9.40804601933037	6.21052631578947	6.21052631578947	8
8	12.8278586906618	10.0864830574892	6.68421052631579	6.68421052631579	8
8	12.9582075371534	10.7649200956481	7.15789473684211	7.15789473684211	8
8	12.3356861515445	11.443357133807	7.63157894736842	7.63157894736842	8
8	17.7317210104483	12.1217941719659	8.10526315789474	8.10526315789474	8
8	15.8641220090901	12.8002312101247	8.57894736842105	8.57894736842105	8
8	11.6457130551618	13.4786682482836	9.05263157894737	9.05263157894737	8
8	17.6921854873379	14.1571052864425	9.52631578947368	9.52631578947368	8
8	16.0544171845441	14.8355423246014	10	10	8
9	2.37904870689558	2.06768757917457	1	1	9
9	3.75017133682291	2.74612461733344	1.47368421052632	1.47368421052632	9
9	8.0384692598772	3.42456165549232	1.94736842105263	1.94736842105263	9
9	5.77259573021757	4.1029986936512	2.42105263157895	2.42105263157895	9
9	6.60068073347979	4.78143573181007	2.89473684210526	2.89473684210526	9
9	10.4827615527139	5.45987276996895	3.36842105263158	3.36842105263158	9
9	8.68499030671525	6.13830980812783	3.84210526315789	3.84210526315789	9
9	5.94356174131325	6.8167468462867	4.31578947368421	4.31578947368421	9
9	7.81050482252874	7.49518388444558	4.78947368421053	4.78947368421053	9
9	9.00341290190535	8.17362092260445	5.26315789473684	5.26315789473684	9
9	13.0534267527737	8.85205796076333	5.73684210526316	5.73684210526316	9
9	12.0354171277989	9.53049499892221	6.21052631578947	6.21052631578947	9
9	12.8278586906618	10.2089320370811	6.68421052631579	6.68421052631579	9
9	12.9582075371534	10.88736907524	7.15789473684211	7.15789473684211	9
9	12.3356861515445	11.5658061133988	7.63157894736842	7.63157894736842	9
9	17.7317210104483	12.2442431515577	8.10526315789474	8.10526315789474	9
9	15.8641220090901	12.9226801897166	8.57894736842105	8.57894736842105	9
9	11.6457130551618	13.6011172278755	9.05263157894737	9.05263157894737	9
9	17.6921854873379	14.2795542660343	9.52631578947368	9.52631578947368	9
9	16.0544171845441	14.9579913041932	10	10	9
10	2.37904870689558	2.1901365587664	1	1	10
10	3.75017133682291	2.86857359692528	1.47368421052632	1.47368421052632	10
10	8.0384692598772	3.54701063508416	1.94736842105263	1.94736842105263	10
10	5.77259573021757	4.22544767324303	2.42105263157895	2.42105263157895	10
10	6.60068073347979	4.90388471140191	2.89473684210526	2.89473684210526	10
10	10.4827615527139	5.58232174956079	3.36842105263158	3.36842105263158	10
10	8.68499030671525	6.26075878771966	3.84210526315789	3.84210526315789	10
10	5.94356174131325	6.93919582587854	4.31578947368421	4.31578947368421	10
10	7.81050482252874	7.61763286403741	4.78947368421053	4.78947368421053	10
10	9.00341290190535	8.29606990219629	5.26315789473684	5.26315789473684	10
10	13.0534267527737	8.97450694035517	5.73684210526316	5.73684210526316	10
10	12.0354171277989	9.65294397851404	6.21052631578947	6.21052631578947	10
10	12.8278586906618	10.3313810166729	6.68421052631579	6.68421052631579	10
10	12.9582075371534	11.0098180548318	7.15789473684211	7.15789473684211	10
10	12.3356861515445	11.6882550929907	7.63157894736842	7.63157894736842	10
10	17.7317210104483	12.3666921311495	8.10526315789474	8.10526315789474	10
10	15.8641220090901	13.0451291693084	8.57894736842105	8.57894736842105	10
10	11.6457130551618	13.7235662074673	9.05263157894737	9.05263157894737	10
10	17.6921854873379	14.4020032456262	9.52631578947368	9.52631578947368	10
10	16.0544171845441	15.0804402837851	10	10	10
11	2.37904870689558	2.31258553835824	1	1	11
11	3.75017133682291	2.99102257651712	1.47368421052632	1.47368421052632	11
11	8.0384692598772	3.66945961467599	1.94736842105263	1.94736842105263	11
11	5.77259573021757	4.34789665283487	2.42105263157895	2.42105263157895	11
11	6.60068073347979	5.02633369099375	2.89473684210526	2.89473684210526	11
11	10.4827615527139	5.70477072915262	3.36842105263158	3.36842105263158	11
11	8.68499030671525	6.3832077673115	3.84210526315789	3.84210526315789	11
11	5.94356174131325	7.06164480547038	4.31578947368421	4.31578947368421	11
11	7.81050482252874	7.74008184362925	4.78947368421053	4.78947368421053	11
11	9.00341290190535	8.41851888178813	5.26315789473684	5.26315789473684	11
11	13.0534267527737	9.096955919947	5.73684210526316	5.73684210526316	11
11	12.0354171277989	9.77539295810588	6.21052631578947	6.21052631578947	11
11	12.8278586906618	10.4538299962648	6.68421052631579	6.68421052631579	11
11	12.9582075371534	11.1322670344236	7.15789473684211	7.15789473684211	11
11	12.3356861515445	11.8107040725825	7.63157894736842	7.63157894736842	11
11	17.7317210104483	12.4891411107414	8.10526315789474	8.10526315789474	11
11	15.8641220090901	13.1675781489003	8.57894736842105	8.57894736842105	11
11	11.6457130551618	13.8460151870591	9.05263157894737	9.05263157894737	11
11	17.6921854873379	14.524452225218	9.52631578947368	9.52631578947368	11
11	16.0544171845441	15.2028892633769	10	10	11
12	2.37904870689558	2.43503451795008	1	1	12
12	3.75017133682291	3.11347155610895	1.47368421052632	1.47368421052632	12
12	8.0384692598772	3.79190859426783	1.94736842105263	1.94736842105263	12
12	5.77259573021757	4.47034563242671	2.42105263157895	2.42105263157895	12
12	6.60068073347979	5.14878267058558	2.89473684210526	2.89473684210526	12
12	10.4827615527139	5.82721970874446	3.36842105263158	3.36842105263158	12
12	8.68499030671525	6.50565674690334	3.84210526315789	3.84210526315789	12
12	5.94356174131325	7.18409378506221	4.31578947368421	4.31578947368421	12
12	7.81050482252874	7.86253082322109	4.78947368421053	4.78947368421053	12
12	9.00341290190535	8.54096786137996	5.26315789473684	5.26315789473684	12
12	13.0534267527737	9.21940489953884	5.73684210526316	5.73684210526316	12
12	12.0354171277989	9.89784193769772	6.21052631578947	6.21052631578947	12
12	12.8278586906618	10.5762789758566	6.68421052631579	6.68421052631579	12
12	12.9582075371534	11.2547160140155	7.15789473684211	7.15789473684211	12
12	12.3356861515445	11.9331530521743	7.63157894736842	7.63157894736842	12
12	17.7317210104483	12.6115900903332	8.10526315789474	8.10526315789474	12
12	15.8641220090901	13.2900271284921	8.57894736842105	8.57894736842105	12
12	11.6457130551618	13.968464166651	9.05263157894737	9.05263157894737	12
12	17.6921854873379	14.6469012048098	9.52631578947368	9.52631578947368	12
12	16.0544171845441	15.3253382429687	10	10	12
13	2.37904870689558	2.55748349754191	1	1	13
13	3.75017133682291	3.23592053570079	1.47368421052632	1.47368421052632	13
13	8.0384692598772	3.91435757385967	1.94736842105263	1.94736842105263	13
13	5.77259573021757	4.59279461201854	2.42105263157895	2.42105263157895	13
13	6.60068073347979	5.27123165017742	2.89473684210526	2.89473684210526	13
13	10.4827615527139	5.9496686883363	3.36842105263158	3.36842105263158	13
13	8.68499030671525	6.62810572649517	3.84210526315789	3.84210526315789	13
13	5.94356174131325	7.30654276465405	4.31578947368421	4.31578947368421	13
13	7.81050482252874	7.98497980281292	4.78947368421053	4.78947368421053	13
13	9.00341290190535	8.6634168409718	5.26315789473684	5.26315789473684	13
13	13.0534267527737	9.34185387913068	5.73684210526316	5.73684210526316	13
13	12.0354171277989	10.0202909172896	6.21052631578947	6.21052631578947	13
13	12.8278586906618	10.6987279554484	6.68421052631579	6.68421052631579	13
13	12.9582075371534	11.3771649936073	7.15789473684211	7.15789473684211	13
13	12.3356861515445	12.0556020317662	7.63157894736842	7.63157894736842	13
13	17.7317210104483	12.7340390699251	8.10526315789474	8.10526315789474	13
13	15.8641220090901	13.4124761080839	8.57894736842105	8.57894736842105	13
13	11.6457130551618	14.0909131462428	9.05263157894737	9.05263157894737	13
13	17.6921854873379	14.7693501844017	9.52631578947368	9.52631578947368	13
13	16.0544171845441	15.4477872225606	10	10	13
14	2.37904870689558	2.67993247713375	1	1	14
14	3.75017133682291	3.35836951529263	1.47368421052632	1.47368421052632	14
14	8.0384692598772	4.0368065534515	1.94736842105263	1.94736842105263	14
14	5.77259573021757	4.71524359161038	2.42105263157895	2.42105263157895	14
14	6.60068073347979	5.39368062976926	2.89473684210526	2.89473684210526	14
14	10.4827615527139	6.07211766792813	3.36842105263158	3.36842105263158	14
14	8.68499030671525	6.75055470608701	3.84210526315789	3.84210526315789	14
14	5.94356174131325	7.42899174424589	4.31578947368421	4.31578947368421	14
14	7.81050482252874	8.10742878240476	4.78947368421053	4.78947368421053	14
14	9.00341290190535	8.78586582056364	5.26315789473684	5.26315789473684	14
14	13.0534267527737	9.46430285872251	5.73684210526316	5.73684210526316	14
14	12.0354171277989	10.1427398968814	6.21052631578947	6.21052631578947	14
14	12.8278586906618	10.8211769350403	6.68421052631579	6.68421052631579	14
14	12.9582075371534	11.4996139731991	7.15789473684211	7.15789473684211	14
14	12.3356861515445	12.178051011358	7.63157894736842	7.63157894736842	14
14	17.7317210104483	12.8564880495169	8.10526315789474	8.10526315789474	14
14	15.8641220090901	13.5349250876758	8.57894736842105	8.57894736842105	14
14	11.6457130551618	14.2133621258346	9.05263157894737	9.05263157894737	14
14	17.6921854873379	14.8917991639935	9.52631578947368	9.52631578947368	14
14	16.0544171845441	15.5702362021524	10	10	14
15	2.37904870689558	2.80238145672559	1	1	15
15	3.75017133682291	3.48081849488446	1.47368421052632	1.47368421052632	15
15	8.0384692598772	4.15925553304334	1.94736842105263	1.94736842105263	15
15	5.77259573021757	4.83769257120222	2.42105263157895	2.42105263157895	15
15	6.60068073347979	5.51612960936109	2.89473684210526	2.89473684210526	15
15	10.4827615527139	6.19456664751997	3.36842105263158	3.36842105263158	15
15	8.68499030671525	6.87300368567885	3.84210526315789	3.84210526315789	15
15	5.94356174131325	7.55144072383772	4.31578947368421	4.31578947368421	15
15	7.81050482252874	8.2298777619966	4.78947368421053	4.78947368421053	15
15	9.00341290190535	8.90831480015547	5.26315789473684	5.26315789473684	15
15	13.0534267527737	9.58675183831435	5.73684210526316	5.73684210526316	15
15	12.0354171277989	10.2651888764732	6.21052631578947	6.21052631578947	15
15	12.8278586906618	10.9436259146321	6.68421052631579	6.68421052631579	15
15	12.9582075371534	11.622062952791	7.15789473684211	7.15789473684211	15
15	12.3356861515445	12.3004999909499	7.63157894736842	7.63157894736842	15
15	17.7317210104483	12.9789370291087	8.10526315789474	8.10526315789474	15
15	15.8641220090901	13.6573740672676	8.57894736842105	8.57894736842105	15
15	11.6457130551618	14.3358111054265	9.05263157894737	9.05263157894737	15
15	17.6921854873379	15.0142481435854	9.52631578947368	9.52631578947368	15
15	16.0544171845441	15.6926851817442	10	10	15
16	2.37904870689558	2.92483043631742	1	1	16
16	3.75017133682291	3.6032674744763	1.47368421052632	1.47368421052632	16
16	8.0384692598772	4.28170451263518	1.94736842105263	1.94736842105263	16
16	5.77259573021757	4.96014155079405	2.42105263157895	2.42105263157895	16
16	6.60068073347979	5.63857858895293	2.89473684210526	2.89473684210526	16
16	10.4827615527139	6.31701562711181	3.36842105263158	3.36842105263158	16
16	8.68499030671525	6.99545266527068	3.84210526315789	3.84210526315789	16
16	5.94356174131325	7.67388970342956	4.31578947368421	4.31578947368421	16
16	7.81050482252874	8.35232674158843	4.78947368421053	4.78947368421053	16
16	9.00341290190535	9.03076377974731	5.26315789473684	5.26315789473684	16
16	13.0534267527737	9.70920081790619	5.73684210526316	5.73684210526316	16
16	12.0354171277989	10.3876378560651	6.21052631578947	6.21052631578947	16
16	12.8278586906618	11.0660748942239	6.68421052631579	6.68421052631579	16
16	12.9582075371534	11.7445119323828	7.15789473684211	7.15789473684211	16
16	12.3356861515445	12.4229489705417	7.63157894736842	7.63157894736842	16
16	17.7317210104483	13.1013860087006	8.10526315789474	8.10526315789474	16
16	15.8641220090901	13.7798230468594	8.57894736842105	8.57894736842105	16
16	11.6457130551618	14.4582600850183	9.05263157894737	9.05263157894737	16
16	17.6921854873379	15.1366971231772	9.52631578947368	9.52631578947368	16
16	16.0544171845441	15.8151341613361	10	10	16
17	2.37904870689558	3.04727941590926	1	1	17
17	3.75017133682291	3.72571645406814	1.47368421052632	1.47368421052632	17
17	8.0384692598772	4.40415349222701	1.94736842105263	1.94736842105263	17
17	5.77259573021757	5.08259053038589	2.42105263157895	2.42105263157895	17
17	6.60068073347979	5.76102756854477	2.89473684210526	2.89473684210526	17
17	10.4827615527139	6.43946460670364	3.36842105263158	3.36842105263158	17
17	8.68499030671525	7.11790164486252	3.84210526315789	3.84210526315789	17
17	5.94356174131325	7.7963386830214	4.31578947368421	4.31578947368421	17
17	7.81050482252874	8.47477572118027	4.78947368421053	4.78947368421053	17
17	9.00341290190535	9.15321275933915	5.26315789473684	5.26315789473684	17
17	13.0534267527737	9.83164979749802	5.73684210526316	5.73684210526316	17
17	12.0354171277989	10.5100868356569	6.21052631578947	6.21052631578947	17
17	12.8278586906618	11.1885238738158	6.68421052631579	6.68421052631579	17
17	12.9582075371534	11.8669609119747	7.15789473684211	7.15789473684211	17
17	12.3356861515445	12.5453979501335	7.63157894736842	7.63157894736842	17
17	17.7317210104483	13.2238349882924	8.10526315789474	8.10526315789474	17
17	15.8641220090901	13.9022720264513	8.57894736842105	8.57894736842105	17
17	11.6457130551618	14.5807090646102	9.05263157894737	9.05263157894737	17
17	17.6921854873379	15.259146102769	9.52631578947368	9.52631578947368	17
17	16.0544171845441	15.9375831409279	10	10	17
18	2.37904870689558	3.1697283955011	1	1	18
18	3.75017133682291	3.84816543365997	1.47368421052632	1.47368421052632	18
18	8.0384692598772	4.52660247181885	1.94736842105263	1.94736842105263	18
18	5.77259573021757	5.20503950997773	2.42105263157895	2.42105263157895	18
18	6.60068073347979	5.8834765481366	2.89473684210526	2.89473684210526	18
18	10.4827615527139	6.56191358629548	3.36842105263158	3.36842105263158	18
18	8.68499030671525	7.24035062445436	3.84210526315789	3.84210526315789	18
18	5.94356174131325	7.91878766261323	4.31578947368421	4.31578947368421	18
18	7.81050482252874	8.59722470077211	4.78947368421053	4.78947368421053	18
18	9.00341290190535	9.27566173893098	5.26315789473684	5.26315789473684	18
18	13.0534267527737	9.95409877708986	5.73684210526316	5.73684210526316	18
18	12.0354171277989	10.6325358152487	6.21052631578947	6.21052631578947	18
18	12.8278586906618	11.3109728534076	6.68421052631579	6.68421052631579	18
18	12.9582075371534	11.9894098915665	7.15789473684211	7.15789473684211	18
18	12.3356861515445	12.6678469297254	7.63157894736842	7.63157894736842	18
18	17.7317210104483	13.3462839678842	8.10526315789474	8.10526315789474	18
18	15.8641220090901	14.0247210060431	8.57894736842105	8.57894736842105	18
18	11.6457130551618	14.703158044202	9.05263157894737	9.05263157894737	18
18	17.6921854873379	15.3815950823609	9.52631578947368	9.52631578947368	18
18	16.0544171845441	16.0600321205197	10	10	18
19	2.37904870689558	3.29217737509293	1	1	19
19	3.75017133682291	3.97061441325181	1.47368421052632	1.47368421052632	19
19	8.0384692598772	4.64905145141069	1.94736842105263	1.94736842105263	19
19	5.77259573021757	5.32748848956956	2.42105263157895	2.42105263157895	19
19	6.60068073347979	6.00592552772844	2.89473684210526	2.89473684210526	19
19	10.4827615527139	6.68436256588732	3.36842105263158	3.36842105263158	19
19	8.68499030671525	7.36279960404619	3.84210526315789	3.84210526315789	19
19	5.94356174131325	8.04123664220507	4.31578947368421	4.31578947368421	19
19	7.81050482252874	8.71967368036394	4.78947368421053	4.78947368421053	19
19	9.00341290190535	9.39811071852282	5.26315789473684	5.26315789473684	19
19	13.0534267527737	10.0765477566817	5.73684210526316	5.73684210526316	19
19	12.0354171277989	10.7549847948406	6.21052631578947	6.21052631578947	19
19	12.8278586906618	11.4334218329995	6.68421052631579	6.68421052631579	19
19	12.9582075371534	12.1118588711583	7.15789473684211	7.15789473684211	19
19	12.3356861515445	12.7902959093172	7.63157894736842	7.63157894736842	19
19	17.7317210104483	13.4687329474761	8.10526315789474	8.10526315789474	19
19	15.8641220090901	14.147169985635	8.57894736842105	8.57894736842105	19
19	11.6457130551618	14.8256070237938	9.05263157894737	9.05263157894737	19
19	17.6921854873379	15.5040440619527	9.52631578947368	9.52631578947368	19
19	16.0544171845441	16.1824811001116	10	10	19
20	2.37904870689558	3.41462635468477	1	1	20
20	3.75017133682291	4.09306339284365	1.47368421052632	1.47368421052632	20
20	8.0384692598772	4.77150043100252	1.94736842105263	1.94736842105263	20
20	5.77259573021757	5.4499374691614	2.42105263157895	2.42105263157895	20
20	6.60068073347979	6.12837450732028	2.89473684210526	2.89473684210526	20
20	10.4827615527139	6.80681154547915	3.36842105263158	3.36842105263158	20
20	8.68499030671525	7.48524858363803	3.84210526315789	3.84210526315789	20
20	5.94356174131325	8.16368562179691	4.31578947368421	4.31578947368421	20
20	7.81050482252874	8.84212265995578	4.78947368421053	4.78947368421053	20
20	9.00341290190535	9.52055969811466	5.26315789473684	5.26315789473684	20
20	13.0534267527737	10.1989967362735	5.73684210526316	5.73684210526316	20
20	12.0354171277989	10.8774337744324	6.21052631578947	6.21052631578947	20
20	12.8278586906618	11.5558708125913	6.68421052631579	6.68421052631579	20
20	12.9582075371534	12.2343078507502	7.15789473684211	7.15789473684211	20
20	12.3356861515445	12.912744888909	7.63157894736842	7.63157894736842	20
20	17.7317210104483	13.5911819270679	8.10526315789474	8.10526315789474	20
20	15.8641220090901	14.2696189652268	8.57894736842105	8.57894736842105	20
20	11.6457130551618	14.9480560033857	9.05263157894737	9.05263157894737	20
20	17.6921854873379	15.6264930415445	9.52631578947368	9.52631578947368	20
20	16.0544171845441	16.3049300797034	10	10	20
21	2.37904870689558	3.53707533427661	1	1	21
21	3.75017133682291	4.21551237243548	1.47368421052632	1.47368421052632	21
21	8.0384692598772	4.89394941059436	1.94736842105263	1.94736842105263	21
21	5.77259573021757	5.57238644875324	2.42105263157895	2.42105263157895	21
21	6.60068073347979	6.25082348691211	2.89473684210526	2.89473684210526	21
21	10.4827615527139	6.92926052507099	3.36842105263158	3.36842105263158	21
21	8.68499030671525	7.60769756322987	3.84210526315789	3.84210526315789	21
21	5.94356174131325	8.28613460138874	4.31578947368421	4.31578947368421	21
21	7.81050482252874	8.96457163954762	4.78947368421053	4.78947368421053	21
21	9.00341290190535	9.64300867770649	5.26315789473684	5.26315789473684	21
21	13.0534267527737	10.3214457158654	5.73684210526316	5.73684210526316	21
21	12.0354171277989	10.9998827540242	6.21052631578947	6.21052631578947	21
21	12.8278586906618	11.6783197921831	6.68421052631579	6.68421052631579	21
21	12.9582075371534	12.356756830342	7.15789473684211	7.15789473684211	21
21	12.3356861515445	13.0351938685009	7.63157894736842	7.63157894736842	21
21	17.7317210104483	13.7136309066598	8.10526315789474	8.10526315789474	21
21	15.8641220090901	14.3920679448186	8.57894736842105	8.57894736842105	21
21	11.6457130551618	15.0705049829775	9.05263157894737	9.05263157894737	21
21	17.6921854873379	15.7489420211364	9.52631578947368	9.52631578947368	21
21	16.0544171845441	16.4273790592953	10	10	21
22	2.37904870689558	3.65952431386844	1	1	22
22	3.75017133682291	4.33796135202732	1.47368421052632	1.47368421052632	22
22	8.0384692598772	5.0163983901862	1.94736842105263	1.94736842105263	22
22	5.77259573021757	5.69483542834507	2.42105263157895	2.42105263157895	22
22	6.60068073347979	6.37327246650395	2.89473684210526	2.89473684210526	22
22	10.4827615527139	7.05170950466283	3.36842105263158	3.36842105263158	22
22	8.68499030671525	7.7301465428217	3.84210526315789	3.84210526315789	22
22	5.94356174131325	8.40858358098058	4.31578947368421	4.31578947368421	22
22	7.81050482252874	9.08702061913945	4.78947368421053	4.78947368421053	22
22	9.00341290190535	9.76545765729833	5.26315789473684	5.26315789473684	22
22	13.0534267527737	10.4438946954572	5.73684210526316	5.73684210526316	22
22	12.0354171277989	11.1223317336161	6.21052631578947	6.21052631578947	22
22	12.8278586906618	11.800768771775	6.68421052631579	6.68421052631579	22
22	12.9582075371534	12.4792058099338	7.15789473684211	7.15789473684211	22
22	12.3356861515445	13.1576428480927	7.63157894736842	7.63157894736842	22
22	17.7317210104483	13.8360798862516	8.10526315789474	8.10526315789474	22
22	15.8641220090901	14.5145169244105	8.57894736842105	8.57894736842105	22
22	11.6457130551618	15.1929539625693	9.05263157894737	9.05263157894737	22
22	17.6921854873379	15.8713910007282	9.52631578947368	9.52631578947368	22
22	16.0544171845441	16.5498280388871	10	10	22
23	2.37904870689558	3.78197329346028	1	1	23
23	3.75017133682291	4.46041033161916	1.47368421052632	1.47368421052632	23
23	8.0384692598772	5.13884736977803	1.94736842105263	1.94736842105263	23
23	5.77259573021757	5.81728440793691	2.42105263157895	2.42105263157895	23
23	6.60068073347979	6.49572144609579	2.89473684210526	2.89473684210526	23
23	10.4827615527139	7.17415848425466	3.36842105263158	3.36842105263158	23
23	8.68499030671525	7.85259552241354	3.84210526315789	3.84210526315789	23
23	5.94356174131325	8.53103256057242	4.31578947368421	4.31578947368421	23
23	7.81050482252874	9.20946959873129	4.78947368421053	4.78947368421053	23
23	9.00341290190535	9.88790663689017	5.26315789473684	5.26315789473684	23
23	13.0534267527737	10.566343675049	5.73684210526316	5.73684210526316	23
23	12.0354171277989	11.2447807132079	6.21052631578947	6.21052631578947	23
23	12.8278586906618	11.9232177513668	6.68421052631579	6.68421052631579	23
23	12.9582075371534	12.6016547895257	7.15789473684211	7.15789473684211	23
23	12.3356861515445	13.2800918276845	7.63157894736842	7.63157894736842	23
23	17.7317210104483	13.9585288658434	8.10526315789474	8.10526315789474	23
23	15.8641220090901	14.6369659040023	8.57894736842105	8.57894736842105	23
23	11.6457130551618	15.3154029421612	9.05263157894737	9.05263157894737	23
23	17.6921854873379	15.9938399803201	9.52631578947368	9.52631578947368	23
23	16.0544171845441	16.6722770184789	10	10	23
24	2.37904870689558	3.90442227305212	1	1	24
24	3.75017133682291	4.58285931121099	1.47368421052632	1.47368421052632	24
24	8.0384692598772	5.26129634936987	1.94736842105263	1.94736842105263	24
24	5.77259573021757	5.93973338752875	2.42105263157895	2.42105263157895	24
24	6.60068073347979	6.61817042568762	2.89473684210526	2.89473684210526	24
24	10.4827615527139	7.2966074638465	3.36842105263158	3.36842105263158	24
24	8.68499030671525	7.97504450200538	3.84210526315789	3.84210526315789	24
24	5.94356174131325	8.65348154016425	4.31578947368421	4.31578947368421	24
24	7.81050482252874	9.33191857832313	4.78947368421053	4.78947368421053	24
24	9.00341290190535	10.010355616482	5.26315789473684	5.26315789473684	24
24	13.0534267527737	10.6887926546409	5.73684210526316	5.73684210526316	24
24	12.0354171277989	11.3672296927998	6.21052631578947	6.21052631578947	24
24	12.8278586906618	12.0456667309586	6.68421052631579	6.68421052631579	24
24	12.9582075371534	12.7241037691175	7.15789473684211	7.15789473684211	24
24	12.3356861515445	13.4025408072764	7.63157894736842	7.63157894736842	24
24	17.7317210104483	14.0809778454353	8.10526315789474	8.10526315789474	24
24	15.8641220090901	14.7594148835941	8.57894736842105	8.57894736842105	24
24	11.6457130551618	15.437851921753	9.05263157894737	9.05263157894737	24
24	17.6921854873379	16.1162889599119	9.52631578947368	9.52631578947368	24
24	16.0544171845441	16.7947259980708	10	10	24
25	2.37904870689558	4.02687125264395	1	1	25
25	3.75017133682291	4.70530829080283	1.47368421052632	1.47368421052632	25
25	8.0384692598772	5.38374532896171	1.94736842105263	1.94736842105263	25
25	5.77259573021757	6.06218236712058	2.42105263157895	2.42105263157895	25
25	6.60068073347979	6.74061940527946	2.89473684210526	2.89473684210526	25
25	10.4827615527139	7.41905644343834	3.36842105263158	3.36842105263158	25
25	8.68499030671525	8.09749348159721	3.84210526315789	3.84210526315789	25
25	5.94356174131325	8.77593051975609	4.31578947368421	4.31578947368421	25
25	7.81050482252874	9.45436755791496	4.78947368421053	4.78947368421053	25
25	9.00341290190535	10.1328045960738	5.26315789473684	5.26315789473684	25
25	13.0534267527737	10.8112416342327	5.73684210526316	5.73684210526316	25
25	12.0354171277989	11.4896786723916	6.21052631578947	6.21052631578947	25
25	12.8278586906618	12.1681157105505	6.68421052631579	6.68421052631579	25
25	12.9582075371534	12.8465527487093	7.15789473684211	7.15789473684211	25
25	12.3356861515445	13.5249897868682	7.63157894736842	7.63157894736842	25
25	17.7317210104483	14.2034268250271	8.10526315789474	8.10526315789474	25
25	15.8641220090901	14.881863863186	8.57894736842105	8.57894736842105	25
25	11.6457130551618	15.5603009013449	9.05263157894737	9.05263157894737	25
25	17.6921854873379	16.2387379395037	9.52631578947368	9.52631578947368	25
25	16.0544171845441	16.9171749776626	10	10	25
26	2.37904870689558	4.14932023223579	1	1	26
26	3.75017133682291	4.82775727039467	1.47368421052632	1.47368421052632	26
26	8.0384692598772	5.50619430855354	1.94736842105263	1.94736842105263	26
26	5.77259573021757	6.18463134671242	2.42105263157895	2.42105263157895	26
26	6.60068073347979	6.8630683848713	2.89473684210526	2.89473684210526	26
26	10.4827615527139	7.54150542303017	3.36842105263158	3.36842105263158	26
26	8.68499030671525	8.21994246118905	3.84210526315789	3.84210526315789	26
26	5.94356174131325	8.89837949934793	4.31578947368421	4.31578947368421	26
26	7.81050482252874	9.5768165375068	4.78947368421053	4.78947368421053	26
26	9.00341290190535	10.2552535756657	5.26315789473684	5.26315789473684	26
26	13.0534267527737	10.9336906138246	5.73684210526316	5.73684210526316	26
26	12.0354171277989	11.6121276519834	6.21052631578947	6.21052631578947	26
26	12.8278586906618	12.2905646901423	6.68421052631579	6.68421052631579	26
26	12.9582075371534	12.9690017283012	7.15789473684211	7.15789473684211	26
26	12.3356861515445	13.6474387664601	7.63157894736842	7.63157894736842	26
26	17.7317210104483	14.3258758046189	8.10526315789474	8.10526315789474	26
26	15.8641220090901	15.0043128427778	8.57894736842105	8.57894736842105	26
26	11.6457130551618	15.6827498809367	9.05263157894737	9.05263157894737	26
26	17.6921854873379	16.3611869190956	9.52631578947368	9.52631578947368	26
26	16.0544171845441	17.0396239572544	10	10	26
27	2.37904870689558	4.27176921182763	1	1	27
27	3.75017133682291	4.9502062499865	1.47368421052632	1.47368421052632	27
27	8.0384692598772	5.62864328814538	1.94736842105263	1.94736842105263	27
27	5.77259573021757	6.30708032630426	2.42105263157895	2.42105263157895	27
27	6.60068073347979	6.98551736446313	2.89473684210526	2.89473684210526	27
27	10.4827615527139	7.66395440262201	3.36842105263158	3.36842105263158	27
27	8.68499030671525	8.34239144078089	3.84210526315789	3.84210526315789	27
27	5.94356174131325	9.02082847893976	4.31578947368421	4.31578947368421	27
27	7.81050482252874	9.69926551709864	4.78947368421053	4.78947368421053	27
27	9.00341290190535	10.3777025552575	5.26315789473684	5.26315789473684	27
27	13.0534267527737	11.0561395934164	5.73684210526316	5.73684210526316	27
27	12.0354171277989	11.7345766315753	6.21052631578947	6.21052631578947	27
27	12.8278586906618	12.4130136697341	6.68421052631579	6.68421052631579	27
27	12.9582075371534	13.091450707893	7.15789473684211	7.15789473684211	27
27	12.3356861515445	13.7698877460519	7.63157894736842	7.63157894736842	27
27	17.7317210104483	14.4483247842108	8.10526315789474	8.10526315789474	27
27	15.8641220090901	15.1267618223696	8.57894736842105	8.57894736842105	27
27	11.6457130551618	15.8051988605285	9.05263157894737	9.05263157894737	27
27	17.6921854873379	16.4836358986874	9.52631578947368	9.52631578947368	27
27	16.0544171845441	17.1620729368463	10	10	27
28	2.37904870689558	4.39421819141946	1	1	28
28	3.75017133682291	5.07265522957834	1.47368421052632	1.47368421052632	28
28	8.0384692598772	5.75109226773722	1.94736842105263	1.94736842105263	28
28	5.77259573021757	6.42952930589609	2.42105263157895	2.42105263157895	28
28	6.60068073347979	7.10796634405497	2.89473684210526	2.89473684210526	28
28	10.4827615527139	7.78640338221385	3.36842105263158	3.36842105263158	28
28	8.68499030671525	8.46484042037272	3.84210526315789	3.84210526315789	28
28	5.94356174131325	9.1432774585316	4.31578947368421	4.31578947368421	28
28	7.81050482252874	9.82171449669048	4.78947368421053	4.78947368421053	28
28	9.00341290190535	10.5001515348494	5.26315789473684	5.26315789473684	28
28	13.0534267527737	11.1785885730082	5.73684210526316	5.73684210526316	28
28	12.0354171277989	11.8570256111671	6.21052631578947	6.21052631578947	28
28	12.8278586906618	12.535462649326	6.68421052631579	6.68421052631579	28
28	12.9582075371534	13.2138996874849	7.15789473684211	7.15789473684211	28
28	12.3356861515445	13.8923367256437	7.63157894736842	7.63157894736842	28
28	17.7317210104483	14.5707737638026	8.10526315789474	8.10526315789474	28
28	15.8641220090901	15.2492108019615	8.57894736842105	8.57894736842105	28
28	11.6457130551618	15.9276478401204	9.05263157894737	9.05263157894737	28
28	17.6921854873379	16.6060848782792	9.52631578947368	9.52631578947368	28
28	16.0544171845441	17.2845219164381	10	10	28
29	2.37904870689558	4.5166671710113	1	1	29
29	3.75017133682291	5.19510420917018	1.47368421052632	1.47368421052632	29
29	8.0384692598772	5.87354124732905	1.94736842105263	1.94736842105263	29
29	5.77259573021757	6.55197828548793	2.42105263157895	2.42105263157895	29
29	6.60068073347979	7.23041532364681	2.89473684210526	2.89473684210526	29
29	10.4827615527139	7.90885236180568	3.36842105263158	3.36842105263158	29
29	8.68499030671525	8.58728939996456	3.84210526315789	3.84210526315789	29
29	5.94356174131325	9.26572643812344	4.31578947368421	4.31578947368421	29
29	7.81050482252874	9.94416347628231	4.78947368421053	4.78947368421053	29
29	9.00341290190535	10.6226005144412	5.26315789473684	5.26315789473684	29
29	13.0534267527737	11.3010375526001	5.73684210526316	5.73684210526316	29
29	12.0354171277989	11.9794745907589	6.21052631578947	6.21052631578947	29
29	12.8278586906618	12.6579116289178	6.68421052631579	6.68421052631579	29
29	12.9582075371534	13.3363486670767	7.15789473684211	7.15789473684211	29
29	12.3356861515445	14.0147857052356	7.63157894736842	7.63157894736842	29
29	17.7317210104483	14.6932227433944	8.10526315789474	8.10526315789474	29
29	15.8641220090901	15.3716597815533	8.57894736842105	8.57894736842105	29
29	11.6457130551618	16.0500968197122	9.05263157894737	9.05263157894737	29
29	17.6921854873379	16.7285338578711	9.52631578947368	9.52631578947368	29
29	16.0544171845441	17.40697089603	10	10	29
30	2.37904870689558	4.63911615060314	1	1	30
30	3.75017133682291	5.31755318876201	1.47368421052632	1.47368421052632	30
30	8.0384692598772	5.99599022692089	1.94736842105263	1.94736842105263	30
30	5.77259573021757	6.67442726507977	2.42105263157895	2.42105263157895	30
30	6.60068073347979	7.35286430323864	2.89473684210526	2.89473684210526	30
30	10.4827615527139	8.03130134139752	3.36842105263158	3.36842105263158	30
30	8.68499030671525	8.7097383795564	3.84210526315789	3.84210526315789	30
30	5.94356174131325	9.38817541771527	4.31578947368421	4.31578947368421	30
30	7.81050482252874	10.0666124558741	4.78947368421053	4.78947368421053	30
30	9.00341290190535	10.745049494033	5.26315789473684	5.26315789473684	30
30	13.0534267527737	11.4234865321919	5.73684210526316	5.73684210526316	30
30	12.0354171277989	12.1019235703508	6.21052631578947	6.21052631578947	30
30	12.8278586906618	12.7803606085097	6.68421052631579	6.68421052631579	30
30	12.9582075371534	13.4587976466685	7.15789473684211	7.15789473684211	30
30	12.3356861515445	14.1372346848274	7.63157894736842	7.63157894736842	30
30	17.7317210104483	14.8156717229863	8.10526315789474	8.10526315789474	30
30	15.8641220090901	15.4941087611452	8.57894736842105	8.57894736842105	30
30	11.6457130551618	16.172545799304	9.05263157894737	9.05263157894737	30
30	17.6921854873379	16.8509828374629	9.52631578947368	9.52631578947368	30
30	16.0544171845441	17.5294198756218	10	10	30
31	2.37904870689558	4.76156513019498	1	1	31
31	3.75017133682291	5.44000216835385	1.47368421052632	1.47368421052632	31
31	8.0384692598772	6.11843920651273	1.94736842105263	1.94736842105263	31
31	5.77259573021757	6.7968762446716	2.42105263157895	2.42105263157895	31
31	6.60068073347979	7.47531328283048	2.89473684210526	2.89473684210526	31
31	10.4827615527139	8.15375032098936	3.36842105263158	3.36842105263158	31
31	8.68499030671525	8.83218735914823	3.84210526315789	3.84210526315789	31
31	5.94356174131325	9.51062439730711	4.31578947368421	4.31578947368421	31
31	7.81050482252874	10.189061435466	4.78947368421053	4.78947368421053	31
31	9.00341290190535	10.8674984736249	5.26315789473684	5.26315789473684	31
31	13.0534267527737	11.5459355117837	5.73684210526316	5.73684210526316	31
31	12.0354171277989	12.2243725499426	6.21052631578947	6.21052631578947	31
31	12.8278586906618	12.9028095881015	6.68421052631579	6.68421052631579	31
31	12.9582075371534	13.5812466262604	7.15789473684211	7.15789473684211	31
31	12.3356861515445	14.2596836644192	7.63157894736842	7.63157894736842	31
31	17.7317210104483	14.9381207025781	8.10526315789474	8.10526315789474	31
31	15.8641220090901	15.616557740737	8.57894736842105	8.57894736842105	31
31	11.6457130551618	16.2949947788959	9.05263157894737	9.05263157894737	31
31	17.6921854873379	16.9734318170547	9.52631578947368	9.52631578947368	31
31	16.0544171845441	17.6518688552136	10	10	31
32	2.37904870689558	4.88401410978681	1	1	32
32	3.75017133682291	5.56245114794569	1.47368421052632	1.47368421052632	32
32	8.0384692598772	6.24088818610456	1.94736842105263	1.94736842105263	32
32	5.77259573021757	6.91932522426344	2.42105263157895	2.42105263157895	32
32	6.60068073347979	7.59776226242232	2.89473684210526	2.89473684210526	32
32	10.4827615527139	8.27619930058119	3.36842105263158	3.36842105263158	32
32	8.68499030671525	8.95463633874007	3.84210526315789	3.84210526315789	32
32	5.94356174131325	9.63307337689895	4.31578947368421	4.31578947368421	32
32	7.81050482252874	10.3115104150578	4.78947368421053	4.78947368421053	32
32	9.00341290190535	10.9899474532167	5.26315789473684	5.26315789473684	32
32	13.0534267527737	11.6683844913756	5.73684210526316	5.73684210526316	32
32	12.0354171277989	12.3468215295345	6.21052631578947	6.21052631578947	32
32	12.8278586906618	13.0252585676933	6.68421052631579	6.68421052631579	32
32	12.9582075371534	13.7036956058522	7.15789473684211	7.15789473684211	32
32	12.3356861515445	14.3821326440111	7.63157894736842	7.63157894736842	32
32	17.7317210104483	15.06056968217	8.10526315789474	8.10526315789474	32
32	15.8641220090901	15.7390067203288	8.57894736842105	8.57894736842105	32
32	11.6457130551618	16.4174437584877	9.05263157894737	9.05263157894737	32
32	17.6921854873379	17.0958807966466	9.52631578947368	9.52631578947368	32
32	16.0544171845441	17.7743178348055	10	10	32
33	2.37904870689558	5.00646308937865	1	1	33
33	3.75017133682291	5.68490012753752	1.47368421052632	1.47368421052632	33
33	8.0384692598772	6.3633371656964	1.94736842105263	1.94736842105263	33
33	5.77259573021757	7.04177420385528	2.42105263157895	2.42105263157895	33
33	6.60068073347979	7.72021124201415	2.89473684210526	2.89473684210526	33
33	10.4827615527139	8.39864828017303	3.36842105263158	3.36842105263158	33
33	8.68499030671525	9.07708531833191	3.84210526315789	3.84210526315789	33
33	5.94356174131325	9.75552235649078	4.31578947368421	4.31578947368421	33
33	7.81050482252874	10.4339593946497	4.78947368421053	4.78947368421053	33
33	9.00341290190535	11.1123964328085	5.26315789473684	5.26315789473684	33
33	13.0534267527737	11.7908334709674	5.73684210526316	5.73684210526316	33
33	12.0354171277989	12.4692705091263	6.21052631578947	6.21052631578947	33
33	12.8278586906618	13.1477075472852	6.68421052631579	6.68421052631579	33
33	12.9582075371534	13.826144585444	7.15789473684211	7.15789473684211	33
33	12.3356861515445	14.5045816236029	7.63157894736842	7.63157894736842	33
33	17.7317210104483	15.1830186617618	8.10526315789474	8.10526315789474	33
33	15.8641220090901	15.8614556999207	8.57894736842105	8.57894736842105	33
33	11.6457130551618	16.5398927380795	9.05263157894737	9.05263157894737	33
33	17.6921854873379	17.2183297762384	9.52631578947368	9.52631578947368	33
33	16.0544171845441	17.8967668143973	10	10	33
34	2.37904870689558	5.12891206897049	1	1	34
34	3.75017133682291	5.80734910712936	1.47368421052632	1.47368421052632	34
34	8.0384692598772	6.48578614528824	1.94736842105263	1.94736842105263	34
34	5.77259573021757	7.16422318344711	2.42105263157895	2.42105263157895	34
34	6.60068073347979	7.84266022160599	2.89473684210526	2.89473684210526	34
34	10.4827615527139	8.52109725976487	3.36842105263158	3.36842105263158	34
34	8.68499030671525	9.19953429792374	3.84210526315789	3.84210526315789	34
34	5.94356174131325	9.87797133608262	4.31578947368421	4.31578947368421	34
34	7.81050482252874	10.5564083742415	4.78947368421053	4.78947368421053	34
34	9.00341290190535	11.2348454124004	5.26315789473684	5.26315789473684	34
34	13.0534267527737	11.9132824505592	5.73684210526316	5.73684210526316	34
34	12.0354171277989	12.5917194887181	6.21052631578947	6.21052631578947	34
34	12.8278586906618	13.270156526877	6.68421052631579	6.68421052631579	34
34	12.9582075371534	13.9485935650359	7.15789473684211	7.15789473684211	34
34	12.3356861515445	14.6270306031948	7.63157894736842	7.63157894736842	34
34	17.7317210104483	15.3054676413536	8.10526315789474	8.10526315789474	34
34	15.8641220090901	15.9839046795125	8.57894736842105	8.57894736842105	34
34	11.6457130551618	16.6623417176714	9.05263157894737	9.05263157894737	34
34	17.6921854873379	17.3407787558303	9.52631578947368	9.52631578947368	34
34	16.0544171845441	18.0192157939891	10	10	34
35	2.37904870689558	5.25136104856232	1	1	35
35	3.75017133682291	5.9297980867212	1.47368421052632	1.47368421052632	35
35	8.0384692598772	6.60823512488008	1.94736842105263	1.94736842105263	35
35	5.77259573021757	7.28667216303895	2.42105263157895	2.42105263157895	35
35	6.60068073347979	7.96510920119783	2.89473684210526	2.89473684210526	35
35	10.4827615527139	8.6435462393567	3.36842105263158	3.36842105263158	35
35	8.68499030671525	9.32198327751558	3.84210526315789	3.84210526315789	35
35	5.94356174131325	10.0004203156745	4.31578947368421	4.31578947368421	35
35	7.81050482252874	10.6788573538333	4.78947368421053	4.78947368421053	35
35	9.00341290190535	11.3572943919922	5.26315789473684	5.26315789473684	35
35	13.0534267527737	12.0357314301511	5.73684210526316	5.73684210526316	35
35	12.0354171277989	12.71416846831	6.21052631578947	6.21052631578947	35
35	12.8278586906618	13.3926055064688	6.68421052631579	6.68421052631579	35
35	12.9582075371534	14.0710425446277	7.15789473684211	7.15789473684211	35
35	12.3356861515445	14.7494795827866	7.63157894736842	7.63157894736842	35
35	17.7317210104483	15.4279166209455	8.10526315789474	8.10526315789474	35
35	15.8641220090901	16.1063536591043	8.57894736842105	8.57894736842105	35
35	11.6457130551618	16.7847906972632	9.05263157894737	9.05263157894737	35
35	17.6921854873379	17.4632277354221	9.52631578947368	9.52631578947368	35
35	16.0544171845441	18.141664773581	10	10	35
36	2.37904870689558	5.37381002815416	1	1	36
36	3.75017133682291	6.05224706631304	1.47368421052632	1.47368421052632	36
36	8.0384692598772	6.73068410447191	1.94736842105263	1.94736842105263	36
36	5.77259573021757	7.40912114263079	2.42105263157895	2.42105263157895	36
36	6.60068073347979	8.08755818078966	2.89473684210526	2.89473684210526	36
36	10.4827615527139	8.76599521894854	3.36842105263158	3.36842105263158	36
36	8.68499030671525	9.44443225710742	3.84210526315789	3.84210526315789	36
36	5.94356174131325	10.1228692952663	4.31578947368421	4.31578947368421	36
36	7.81050482252874	10.8013063334252	4.78947368421053	4.78947368421053	36
36	9.00341290190535	11.479743371584	5.26315789473684	5.26315789473684	36
36	13.0534267527737	12.1581804097429	5.73684210526316	5.73684210526316	36
36	12.0354171277989	12.8366174479018	6.21052631578947	6.21052631578947	36
36	12.8278586906618	13.5150544860607	6.68421052631579	6.68421052631579	36
36	12.9582075371534	14.1934915242196	7.15789473684211	7.15789473684211	36
36	12.3356861515445	14.8719285623784	7.63157894736842	7.63157894736842	36
36	17.7317210104483	15.5503656005373	8.10526315789474	8.10526315789474	36
36	15.8641220090901	16.2288026386962	8.57894736842105	8.57894736842105	36
36	11.6457130551618	16.9072396768551	9.05263157894737	9.05263157894737	36
36	17.6921854873379	17.5856767150139	9.52631578947368	9.52631578947368	36
36	16.0544171845441	18.2641137531728	10	10	36
37	2.37904870689558	5.496259007746	1	1	37
37	3.75017133682291	6.17469604590487	1.47368421052632	1.47368421052632	37
37	8.0384692598772	6.85313308406375	1.94736842105263	1.94736842105263	37
37	5.77259573021757	7.53157012222262	2.42105263157895	2.42105263157895	37
37	6.60068073347979	8.2100071603815	2.89473684210526	2.89473684210526	37
37	10.4827615527139	8.88844419854038	3.36842105263158	3.36842105263158	37
37	8.68499030671525	9.56688123669925	3.84210526315789	3.84210526315789	37
37	5.94356174131325	10.2453182748581	4.31578947368421	4.31578947368421	37
37	7.81050482252874	10.923755313017	4.78947368421053	4.78947368421053	37
37	9.00341290190535	11.6021923511759	5.26315789473684	5.26315789473684	37
37	13.0534267527737	12.2806293893348	5.73684210526316	5.73684210526316	37
37	12.0354171277989	12.9590664274936	6.21052631578947	6.21052631578947	37
37	12.8278586906618	13.6375034656525	6.68421052631579	6.68421052631579	37
37	12.9582075371534	14.3159405038114	7.15789473684211	7.15789473684211	37
37	12.3356861515445	14.9943775419703	7.63157894736842	7.63157894736842	37
37	17.7317210104483	15.6728145801291	8.10526315789474	8.10526315789474	37
37	15.8641220090901	16.351251618288	8.57894736842105	8.57894736842105	37
37	11.6457130551618	17.0296886564469	9.05263157894737	9.05263157894737	37
37	17.6921854873379	17.7081256946058	9.52631578947368	9.52631578947368	37
37	16.0544171845441	18.3865627327646	10	10	37
38	2.37904870689558	5.61870798733783	1	1	38
38	3.75017133682291	6.29714502549671	1.47368421052632	1.47368421052632	38
38	8.0384692598772	6.97558206365559	1.94736842105263	1.94736842105263	38
38	5.77259573021757	7.65401910181446	2.42105263157895	2.42105263157895	38
38	6.60068073347979	8.33245613997334	2.89473684210526	2.89473684210526	38
38	10.4827615527139	9.01089317813221	3.36842105263158	3.36842105263158	38
38	8.68499030671525	9.68933021629109	3.84210526315789	3.84210526315789	38
38	5.94356174131325	10.36776725445	4.31578947368421	4.31578947368421	38
38	7.81050482252874	11.0462042926088	4.78947368421053	4.78947368421053	38
38	9.00341290190535	11.7246413307677	5.26315789473684	5.26315789473684	38
38	13.0534267527737	12.4030783689266	5.73684210526316	5.73684210526316	38
38	12.0354171277989	13.0815154070855	6.21052631578947	6.21052631578947	38
38	12.8278586906618	13.7599524452443	6.68421052631579	6.68421052631579	38
38	12.9582075371534	14.4383894834032	7.15789473684211	7.15789473684211	38
38	12.3356861515445	15.1168265215621	7.63157894736842	7.63157894736842	38
38	17.7317210104483	15.795263559721	8.10526315789474	8.10526315789474	38
38	15.8641220090901	16.4737005978799	8.57894736842105	8.57894736842105	38
38	11.6457130551618	17.1521376360387	9.05263157894737	9.05263157894737	38
38	17.6921854873379	17.8305746741976	9.52631578947368	9.52631578947368	38
39	2.37904870689558	5.74115696692967	1	1	39
39	3.75017133682291	6.41959400508855	1.47368421052632	1.47368421052632	39
39	8.0384692598772	7.09803104324742	1.94736842105263	1.94736842105263	39
39	5.77259573021757	7.7764680814063	2.42105263157895	2.42105263157895	39
39	6.60068073347979	8.45490511956517	2.89473684210526	2.89473684210526	39
39	10.4827615527139	9.13334215772405	3.36842105263158	3.36842105263158	39
39	8.68499030671525	9.81177919588293	3.84210526315789	3.84210526315789	39
39	5.94356174131325	10.4902162340418	4.31578947368421	4.31578947368421	39
39	7.81050482252874	11.1686532722007	4.78947368421053	4.78947368421053	39
39	9.00341290190535	11.8470903103596	5.26315789473684	5.26315789473684	39
39	13.0534267527737	12.5255273485184	5.73684210526316	5.73684210526316	39
39	12.0354171277989	13.2039643866773	6.21052631578947	6.21052631578947	39
39	12.8278586906618	13.8824014248362	6.68421052631579	6.68421052631579	39
39	12.9582075371534	14.5608384629951	7.15789473684211	7.15789473684211	39
39	12.3356861515445	15.2392755011539	7.63157894736842	7.63157894736842	39
39	17.7317210104483	15.9177125393128	8.10526315789474	8.10526315789474	39
39	15.8641220090901	16.5961495774717	8.57894736842105	8.57894736842105	39
39	11.6457130551618	17.2745866156306	9.05263157894737	9.05263157894737	39
39	17.6921854873379	17.9530236537894	9.52631578947368	9.52631578947368	39
40	2.37904870689558	5.86360594652151	1	1	40
40	3.75017133682291	6.54204298468038	1.47368421052632	1.47368421052632	40
40	8.0384692598772	7.22048002283926	1.94736842105263	1.94736842105263	40
40	5.77259573021757	7.89891706099814	2.42105263157895	2.42105263157895	40
40	6.60068073347979	8.57735409915701	2.89473684210526	2.89473684210526	40
40	10.4827615527139	9.25579113731589	3.36842105263158	3.36842105263158	40
40	8.68499030671525	9.93422817547476	3.84210526315789	3.84210526315789	40
40	5.94356174131325	10.6126652136336	4.31578947368421	4.31578947368421	40
40	7.81050482252874	11.2911022517925	4.78947368421053	4.78947368421053	40
40	9.00341290190535	11.9695392899514	5.26315789473684	5.26315789473684	40
40	13.0534267527737	12.6479763281103	5.73684210526316	5.73684210526316	40
40	12.0354171277989	13.3264133662691	6.21052631578947	6.21052631578947	40
40	12.8278586906618	14.004850404428	6.68421052631579	6.68421052631579	40
40	12.9582075371534	14.6832874425869	7.15789473684211	7.15789473684211	40
40	12.3356861515445	15.3617244807458	7.63157894736842	7.63157894736842	40
40	17.7317210104483	16.0401615189047	8.10526315789474	8.10526315789474	40
40	15.8641220090901	16.7185985570635	8.57894736842105	8.57894736842105	40
40	11.6457130551618	17.3970355952224	9.05263157894737	9.05263157894737	40
40	17.6921854873379	18.0754726333813	9.52631578947368	9.52631578947368	40
41	2.37904870689558	5.98605492611334	1	1	41
41	3.75017133682291	6.66449196427222	1.47368421052632	1.47368421052632	41
41	8.0384692598772	7.3429290024311	1.94736842105263	1.94736842105263	41
41	5.77259573021757	8.02136604058997	2.42105263157895	2.42105263157895	41
41	6.60068073347979	8.69980307874885	2.89473684210526	2.89473684210526	41
41	10.4827615527139	9.37824011690772	3.36842105263158	3.36842105263158	41
41	8.68499030671525	10.0566771550666	3.84210526315789	3.84210526315789	41
41	5.94356174131325	10.7351141932255	4.31578947368421	4.31578947368421	41
41	7.81050482252874	11.4135512313844	4.78947368421053	4.78947368421053	41
41	9.00341290190535	12.0919882695432	5.26315789473684	5.26315789473684	41
41	13.0534267527737	12.7704253077021	5.73684210526316	5.73684210526316	41
41	12.0354171277989	13.448862345861	6.21052631578947	6.21052631578947	41
41	12.8278586906618	14.1272993840199	6.68421052631579	6.68421052631579	41
41	12.9582075371534	14.8057364221787	7.15789473684211	7.15789473684211	41
41	12.3356861515445	15.4841734603376	7.63157894736842	7.63157894736842	41
41	17.7317210104483	16.1626104984965	8.10526315789474	8.10526315789474	41
41	15.8641220090901	16.8410475366554	8.57894736842105	8.57894736842105	41
41	11.6457130551618	17.5194845748142	9.05263157894737	9.05263157894737	41
41	17.6921854873379	18.1979216129731	9.52631578947368	9.52631578947368	41
42	2.37904870689558	6.10850390570518	1	1	42
42	3.75017133682291	6.78694094386406	1.47368421052632	1.47368421052632	42
42	8.0384692598772	7.46537798202293	1.94736842105263	1.94736842105263	42
42	5.77259573021757	8.14381502018181	2.42105263157895	2.42105263157895	42
42	6.60068073347979	8.82225205834068	2.89473684210526	2.89473684210526	42
42	10.4827615527139	9.50068909649956	3.36842105263158	3.36842105263158	42
42	8.68499030671525	10.1791261346584	3.84210526315789	3.84210526315789	42
42	5.94356174131325	10.8575631728173	4.31578947368421	4.31578947368421	42
42	7.81050482252874	11.5360002109762	4.78947368421053	4.78947368421053	42
42	9.00341290190535	12.2144372491351	5.26315789473684	5.26315789473684	42
42	13.0534267527737	12.8928742872939	5.73684210526316	5.73684210526316	42
42	12.0354171277989	13.5713113254528	6.21052631578947	6.21052631578947	42
42	12.8278586906618	14.2497483636117	6.68421052631579	6.68421052631579	42
42	12.9582075371534	14.9281854017706	7.15789473684211	7.15789473684211	42
42	12.3356861515445	15.6066224399294	7.63157894736842	7.63157894736842	42
42	17.7317210104483	16.2850594780883	8.10526315789474	8.10526315789474	42
42	15.8641220090901	16.9634965162472	8.57894736842105	8.57894736842105	42
42	11.6457130551618	17.6419335544061	9.05263157894737	9.05263157894737	42
42	17.6921854873379	18.320370592565	9.52631578947368	9.52631578947368	42
43	2.37904870689558	6.23095288529702	1	1	43
43	3.75017133682291	6.90938992345589	1.47368421052632	1.47368421052632	43
43	8.0384692598772	7.58782696161477	1.94736842105263	1.94736842105263	43
43	5.77259573021757	8.26626399977365	2.42105263157895	2.42105263157895	43
43	6.60068073347979	8.94470103793252	2.89473684210526	2.89473684210526	43
43	10.4827615527139	9.6231380760914	3.36842105263158	3.36842105263158	43
43	8.68499030671525	10.3015751142503	3.84210526315789	3.84210526315789	43
43	5.94356174131325	10.9800121524092	4.31578947368421	4.31578947368421	43
43	7.81050482252874	11.658449190568	4.78947368421053	4.78947368421053	43
43	9.00341290190535	12.3368862287269	5.26315789473684	5.26315789473684	43
43	13.0534267527737	13.0153232668858	5.73684210526316	5.73684210526316	43
43	12.0354171277989	13.6937603050447	6.21052631578947	6.21052631578947	43
43	12.8278586906618	14.3721973432035	6.68421052631579	6.68421052631579	43
43	12.9582075371534	15.0506343813624	7.15789473684211	7.15789473684211	43
43	12.3356861515445	15.7290714195213	7.63157894736842	7.63157894736842	43
43	17.7317210104483	16.4075084576802	8.10526315789474	8.10526315789474	43
43	15.8641220090901	17.085945495839	8.57894736842105	8.57894736842105	43
43	11.6457130551618	17.7643825339979	9.05263157894737	9.05263157894737	43
43	17.6921854873379	18.4428195721568	9.52631578947368	9.52631578947368	43
44	2.37904870689558	6.35340186488885	1	1	44
44	3.75017133682291	7.03183890304773	1.47368421052632	1.47368421052632	44
44	8.0384692598772	7.71027594120661	1.94736842105263	1.94736842105263	44
44	5.77259573021757	8.38871297936548	2.42105263157895	2.42105263157895	44
44	6.60068073347979	9.06715001752436	2.89473684210526	2.89473684210526	44
44	10.4827615527139	9.74558705568323	3.36842105263158	3.36842105263158	44
44	8.68499030671525	10.4240240938421	3.84210526315789	3.84210526315789	44
44	5.94356174131325	11.102461132001	4.31578947368421	4.31578947368421	44
44	7.81050482252874	11.7808981701599	4.78947368421053	4.78947368421053	44
44	9.00341290190535	12.4593352083187	5.26315789473684	5.26315789473684	44
44	13.0534267527737	13.1377722464776	5.73684210526316	5.73684210526316	44
44	12.0354171277989	13.8162092846365	6.21052631578947	6.21052631578947	44
44	12.8278586906618	14.4946463227954	6.68421052631579	6.68421052631579	44
44	12.9582075371534	15.1730833609542	7.15789473684211	7.15789473684211	44
44	12.3356861515445	15.8515203991131	7.63157894736842	7.63157894736842	44
44	17.7317210104483	16.529957437272	8.10526315789474	8.10526315789474	44
44	15.8641220090901	17.2083944754309	8.57894736842105	8.57894736842105	44
44	11.6457130551618	17.8868315135898	9.05263157894737	9.05263157894737	44
45	2.37904870689558	6.47585084448069	1	1	45
45	3.75017133682291	7.15428788263957	1.47368421052632	1.47368421052632	45
45	8.0384692598772	7.83272492079844	1.94736842105263	1.94736842105263	45
45	5.77259573021757	8.51116195895732	2.42105263157895	2.42105263157895	45
45	6.60068073347979	9.18959899711619	2.89473684210526	2.89473684210526	45
45	10.4827615527139	9.86803603527507	3.36842105263158	3.36842105263158	45
45	8.68499030671525	10.5464730734339	3.84210526315789	3.84210526315789	45
45	5.94356174131325	11.2249101115928	4.31578947368421	4.31578947368421	45
45	7.81050482252874	11.9033471497517	4.78947368421053	4.78947368421053	45
45	9.00341290190535	12.5817841879106	5.26315789473684	5.26315789473684	45
45	13.0534267527737	13.2602212260695	5.73684210526316	5.73684210526316	45
45	12.0354171277989	13.9386582642283	6.21052631578947	6.21052631578947	45
45	12.8278586906618	14.6170953023872	6.68421052631579	6.68421052631579	45
45	12.9582075371534	15.2955323405461	7.15789473684211	7.15789473684211	45
45	12.3356861515445	15.973969378705	7.63157894736842	7.63157894736842	45
45	17.7317210104483	16.6524064168638	8.10526315789474	8.10526315789474	45
45	15.8641220090901	17.3308434550227	8.57894736842105	8.57894736842105	45
45	11.6457130551618	18.0092804931816	9.05263157894737	9.05263157894737	45
46	2.37904870689558	6.59829982407253	1	1	46
46	3.75017133682291	7.2767368622314	1.47368421052632	1.47368421052632	46
46	8.0384692598772	7.95517390039028	1.94736842105263	1.94736842105263	46
46	5.77259573021757	8.63361093854915	2.42105263157895	2.42105263157895	46
46	6.60068073347979	9.31204797670803	2.89473684210526	2.89473684210526	46
46	10.4827615527139	9.99048501486691	3.36842105263158	3.36842105263158	46
46	8.68499030671525	10.6689220530258	3.84210526315789	3.84210526315789	46
46	5.94356174131325	11.3473590911847	4.31578947368421	4.31578947368421	46
46	7.81050482252874	12.0257961293435	4.78947368421053	4.78947368421053	46
46	9.00341290190535	12.7042331675024	5.26315789473684	5.26315789473684	46
46	13.0534267527737	13.3826702056613	5.73684210526316	5.73684210526316	46
46	12.0354171277989	14.0611072438202	6.21052631578947	6.21052631578947	46
46	12.8278586906618	14.739544281979	6.68421052631579	6.68421052631579	46
46	12.9582075371534	15.4179813201379	7.15789473684211	7.15789473684211	46
46	12.3356861515445	16.0964183582968	7.63157894736842	7.63157894736842	46
46	17.7317210104483	16.7748553964557	8.10526315789474	8.10526315789474	46
46	15.8641220090901	17.4532924346145	8.57894736842105	8.57894736842105	46
46	11.6457130551618	18.1317294727734	9.05263157894737	9.05263157894737	46
47	2.37904870689558	6.72074880366436	1	1	47
47	3.75017133682291	7.39918584182324	1.47368421052632	1.47368421052632	47
47	8.0384692598772	8.07762287998212	1.94736842105263	1.94736842105263	47
47	5.77259573021757	8.75605991814099	2.42105263157895	2.42105263157895	47
47	6.60068073347979	9.43449695629987	2.89473684210526	2.89473684210526	47
47	10.4827615527139	10.1129339944587	3.36842105263158	3.36842105263158	47
47	8.68499030671525	10.7913710326176	3.84210526315789	3.84210526315789	47
47	5.94356174131325	11.4698080707765	4.31578947368421	4.31578947368421	47
47	7.81050482252874	12.1482451089354	4.78947368421053	4.78947368421053	47
47	9.00341290190535	12.8266821470943	5.26315789473684	5.26315789473684	47
47	13.0534267527737	13.5051191852531	5.73684210526316	5.73684210526316	47
47	12.0354171277989	14.183556223412	6.21052631578947	6.21052631578947	47
47	12.8278586906618	14.8619932615709	6.68421052631579	6.68421052631579	47
47	12.9582075371534	15.5404302997298	7.15789473684211	7.15789473684211	47
47	12.3356861515445	16.2188673378886	7.63157894736842	7.63157894736842	47
47	17.7317210104483	16.8973043760475	8.10526315789474	8.10526315789474	47
47	15.8641220090901	17.5757414142064	8.57894736842105	8.57894736842105	47
47	11.6457130551618	18.2541784523653	9.05263157894737	9.05263157894737	47
48	2.37904870689558	6.8431977832562	1	1	48
48	3.75017133682291	7.52163482141508	1.47368421052632	1.47368421052632	48
48	8.0384692598772	8.20007185957395	1.94736842105263	1.94736842105263	48
48	5.77259573021757	8.87850889773283	2.42105263157895	2.42105263157895	48
48	6.60068073347979	9.5569459358917	2.89473684210526	2.89473684210526	48
48	10.4827615527139	10.2353829740506	3.36842105263158	3.36842105263158	48
48	8.68499030671525	10.9138200122095	3.84210526315789	3.84210526315789	48
48	5.94356174131325	11.5922570503683	4.31578947368421	4.31578947368421	48
48	7.81050482252874	12.2706940885272	4.78947368421053	4.78947368421053	48
48	9.00341290190535	12.9491311266861	5.26315789473684	5.26315789473684	48
48	13.0534267527737	13.627568164845	5.73684210526316	5.73684210526316	48
48	12.0354171277989	14.3060052030038	6.21052631578947	6.21052631578947	48
48	12.8278586906618	14.9844422411627	6.68421052631579	6.68421052631579	48
48	12.9582075371534	15.6628792793216	7.15789473684211	7.15789473684211	48
48	12.3356861515445	16.3413163174805	7.63157894736842	7.63157894736842	48
48	17.7317210104483	17.0197533556393	8.10526315789474	8.10526315789474	48
48	15.8641220090901	17.6981903937982	8.57894736842105	8.57894736842105	48
48	11.6457130551618	18.3766274319571	9.05263157894737	9.05263157894737	48
49	2.37904870689558	6.96564676284804	1	1	49
49	3.75017133682291	7.64408380100691	1.47368421052632	1.47368421052632	49
49	8.0384692598772	8.32252083916579	1.94736842105263	1.94736842105263	49
49	5.77259573021757	9.00095787732467	2.42105263157895	2.42105263157895	49
49	6.60068073347979	9.67939491548354	2.89473684210526	2.89473684210526	49
49	10.4827615527139	10.3578319536424	3.36842105263158	3.36842105263158	49
49	8.68499030671525	11.0362689918013	3.84210526315789	3.84210526315789	49
49	5.94356174131325	11.7147060299602	4.31578947368421	4.31578947368421	49
49	7.81050482252874	12.393143068119	4.78947368421053	4.78947368421053	49
49	9.00341290190535	13.0715801062779	5.26315789473684	5.26315789473684	49
49	13.0534267527737	13.7500171444368	5.73684210526316	5.73684210526316	49
49	12.0354171277989	14.4284541825957	6.21052631578947	6.21052631578947	49
49	12.8278586906618	15.1068912207546	6.68421052631579	6.68421052631579	49
49	12.9582075371534	15.7853282589134	7.15789473684211	7.15789473684211	49
49	12.3356861515445	16.4637652970723	7.63157894736842	7.63157894736842	49
49	17.7317210104483	17.1422023352312	8.10526315789474	8.10526315789474	49
49	15.8641220090901	17.8206393733901	8.57894736842105	8.57894736842105	49
49	11.6457130551618	18.4990764115489	9.05263157894737	9.05263157894737	49
50	2.37904870689558	7.08809574243987	1	1	50
50	3.75017133682291	7.76653278059875	1.47368421052632	1.47368421052632	50
50	8.0384692598772	8.44496981875763	1.94736842105263	1.94736842105263	50
50	5.77259573021757	9.1234068569165	2.42105263157895	2.42105263157895	50
50	6.60068073347979	9.80184389507538	2.89473684210526	2.89473684210526	50
50	10.4827615527139	10.4802809332343	3.36842105263158	3.36842105263158	50
50	8.68499030671525	11.1587179713931	3.84210526315789	3.84210526315789	50
50	5.94356174131325	11.837155009552	4.31578947368421	4.31578947368421	50
50	7.81050482252874	12.5155920477109	4.78947368421053	4.78947368421053	50
50	9.00341290190535	13.1940290858698	5.26315789473684	5.26315789473684	50
50	13.0534267527737	13.8724661240286	5.73684210526316	5.73684210526316	50
50	12.0354171277989	14.5509031621875	6.21052631578947	6.21052631578947	50
50	12.8278586906618	15.2293402003464	6.68421052631579	6.68421052631579	50
50	12.9582075371534	15.9077772385053	7.15789473684211	7.15789473684211	50
50	12.3356861515445	16.5862142766641	7.63157894736842	7.63157894736842	50
50	17.7317210104483	17.264651314823	8.10526315789474	8.10526315789474	50
50	15.8641220090901	17.9430883529819	8.57894736842105	8.57894736842105	50
