group	y	yend	x	xend	showSelected1	row_in_group	na_group
1	2.37904870689558	13.0880957424399	1	1	1	1	0
1	3.75017133682291	12.8191643595461	1.47368421052632	1.47368421052632	1	2	0
1	8.0384692598772	12.5502329766524	1.94736842105263	1.94736842105263	1	3	0
1	5.77259573021757	12.2813015937586	2.42105263157895	2.42105263157895	1	4	0
1	6.60068073347979	12.0123702108649	2.89473684210526	2.89473684210526	1	5	0
1	10.4827615527139	11.7434388279711	3.36842105263158	3.36842105263158	1	6	0
1	8.68499030671525	11.4745074450773	3.84210526315789	3.84210526315789	1	7	0
1	5.94356174131325	11.2055760621836	4.31578947368421	4.31578947368421	1	8	0
1	7.81050482252874	10.9366446792898	4.78947368421053	4.78947368421053	1	9	0
1	9.00341290190535	10.6677132963961	5.26315789473684	5.26315789473684	1	10	0
1	13.0534267527737	10.3987819135023	5.73684210526316	5.73684210526316	1	11	0
1	12.0354171277989	10.1298505306086	6.21052631578947	6.21052631578947	1	12	0
1	12.8278586906618	9.86091914771481	6.68421052631579	6.68421052631579	1	13	0
1	12.9582075371534	9.59198776482105	7.15789473684211	7.15789473684211	1	14	0
1	12.3356861515445	9.3230563819273	7.63157894736842	7.63157894736842	1	15	0
1	17.7317210104483	9.05412499903354	8.10526315789474	8.10526315789474	1	16	0
1	15.8641220090901	8.78519361613979	8.57894736842105	8.57894736842105	1	17	0
1	11.6457130551618	8.51626223324603	9.05263157894737	9.05263157894737	1	18	0
1	17.6921854873379	8.24733085035228	9.52631578947368	9.52631578947368	1	19	0
1	16.0544171845441	7.97839946745852	10	10	1	20	0
2	2.37904870689558	12.7207488036644	1	1	2	1	0
2	3.75017133682291	12.4904855195891	1.47368421052632	1.47368421052632	2	2	0
2	8.0384692598772	12.2602222355138	1.94736842105263	1.94736842105263	2	3	0
2	5.77259573021757	12.0299589514385	2.42105263157895	2.42105263157895	2	4	0
2	6.60068073347979	11.7996956673632	2.89473684210526	2.89473684210526	2	5	0
2	10.4827615527139	11.569432383288	3.36842105263158	3.36842105263158	2	6	0
2	8.68499030671525	11.3391690992127	3.84210526315789	3.84210526315789	2	7	0
2	5.94356174131325	11.1089058151374	4.31578947368421	4.31578947368421	2	8	0
2	7.81050482252874	10.8786425310621	4.78947368421053	4.78947368421053	2	9	0
2	9.00341290190535	10.6483792469868	5.26315789473684	5.26315789473684	2	10	0
2	13.0534267527737	10.4181159629116	5.73684210526316	5.73684210526316	2	11	0
2	12.0354171277989	10.1878526788363	6.21052631578947	6.21052631578947	2	12	0
2	12.8278586906618	9.95758939476099	6.68421052631579	6.68421052631579	2	13	0
2	12.9582075371534	9.72732611068571	7.15789473684211	7.15789473684211	2	14	0
2	12.3356861515445	9.49706282661043	7.63157894736842	7.63157894736842	2	15	0
2	17.7317210104483	9.26679954253515	8.10526315789474	8.10526315789474	2	16	0
2	15.8641220090901	9.03653625845987	8.57894736842105	8.57894736842105	2	17	0
2	11.6457130551618	8.80627297438459	9.05263157894737	9.05263157894737	2	18	0
2	17.6921854873379	8.57600969030931	9.52631578947368	9.52631578947368	2	19	0
2	16.0544171845441	8.34574640623403	10	10	2	20	0
3	2.37904870689558	12.3534018648889	1	1	3	1	0
3	3.75017133682291	12.161806679632	1.47368421052632	1.47368421052632	3	2	0
3	8.0384692598772	11.9702114943752	1.94736842105263	1.94736842105263	3	3	0
3	5.77259573021757	11.7786163091184	2.42105263157895	2.42105263157895	3	4	0
3	6.60068073347979	11.5870211238616	2.89473684210526	2.89473684210526	3	5	0
3	10.4827615527139	11.3954259386048	3.36842105263158	3.36842105263158	3	6	0
3	8.68499030671525	11.203830753348	3.84210526315789	3.84210526315789	3	7	0
3	5.94356174131325	11.0122355680912	4.31578947368421	4.31578947368421	3	8	0
3	7.81050482252874	10.8206403828344	4.78947368421053	4.78947368421053	3	9	0
3	9.00341290190535	10.6290451975776	5.26315789473684	5.26315789473684	3	10	0
3	13.0534267527737	10.4374500123208	5.73684210526316	5.73684210526316	3	11	0
3	12.0354171277989	10.245854827064	6.21052631578947	6.21052631578947	3	12	0
3	12.8278586906618	10.0542596418072	6.68421052631579	6.68421052631579	3	13	0
3	12.9582075371534	9.86266445655038	7.15789473684211	7.15789473684211	3	14	0
3	12.3356861515445	9.67106927129357	7.63157894736842	7.63157894736842	3	15	0
3	17.7317210104483	9.47947408603677	8.10526315789474	8.10526315789474	3	16	0
3	15.8641220090901	9.28787890077996	8.57894736842105	8.57894736842105	3	17	0
3	11.6457130551618	9.09628371552315	9.05263157894737	9.05263157894737	3	18	0
3	17.6921854873379	8.90468853026635	9.52631578947368	9.52631578947368	3	19	0
3	16.0544171845441	8.71309334500954	10	10	3	20	0
4	2.37904870689558	11.9860549261133	1	1	4	1	0
4	3.75017133682291	11.833127839675	1.47368421052632	1.47368421052632	4	2	0
4	8.0384692598772	11.6802007532367	1.94736842105263	1.94736842105263	4	3	0
4	5.77259573021757	11.5272736667983	2.42105263157895	2.42105263157895	4	4	0
4	6.60068073347979	11.37434658036	2.89473684210526	2.89473684210526	4	5	0
4	10.4827615527139	11.2214194939217	3.36842105263158	3.36842105263158	4	6	0
4	8.68499030671525	11.0684924074834	3.84210526315789	3.84210526315789	4	7	0
4	5.94356174131325	10.915565321045	4.31578947368421	4.31578947368421	4	8	0
4	7.81050482252874	10.7626382346067	4.78947368421053	4.78947368421053	4	9	0
4	9.00341290190535	10.6097111481684	5.26315789473684	5.26315789473684	4	10	0
4	13.0534267527737	10.45678406173	5.73684210526316	5.73684210526316	4	11	0
4	12.0354171277989	10.3038569752917	6.21052631578947	6.21052631578947	4	12	0
4	12.8278586906618	10.1509298888534	6.68421052631579	6.68421052631579	4	13	0
4	12.9582075371534	9.99800280241504	7.15789473684211	7.15789473684211	4	14	0
4	12.3356861515445	9.84507571597671	7.63157894736842	7.63157894736842	4	15	0
4	17.7317210104483	9.69214862953837	8.10526315789474	8.10526315789474	4	16	0
4	15.8641220090901	9.53922154310004	8.57894736842105	8.57894736842105	4	17	0
4	11.6457130551618	9.38629445666171	9.05263157894737	9.05263157894737	4	18	0
4	17.6921854873379	9.23336737022338	9.52631578947368	9.52631578947368	4	19	0
4	16.0544171845441	9.08044028378505	10	10	4	20	0
5	2.37904870689558	11.6187079873378	1	1	5	1	0
5	3.75017133682291	11.504448999718	1.47368421052632	1.47368421052632	5	2	0
5	8.0384692598772	11.3901900120981	1.94736842105263	1.94736842105263	5	3	0
5	5.77259573021757	11.2759310244783	2.42105263157895	2.42105263157895	5	4	0
5	6.60068073347979	11.1616720368584	2.89473684210526	2.89473684210526	5	5	0
5	10.4827615527139	11.0474130492386	3.36842105263158	3.36842105263158	5	6	0
5	8.68499030671525	10.9331540616187	3.84210526315789	3.84210526315789	5	7	0
5	5.94356174131325	10.8188950739988	4.31578947368421	4.31578947368421	5	8	0
5	7.81050482252874	10.704636086379	4.78947368421053	4.78947368421053	5	9	0
5	9.00341290190535	10.5903770987591	5.26315789473684	5.26315789473684	5	10	0
5	13.0534267527737	10.4761181111393	5.73684210526316	5.73684210526316	5	11	0
5	12.0354171277989	10.3618591235194	6.21052631578947	6.21052631578947	5	12	0
5	12.8278586906618	10.2476001358996	6.68421052631579	6.68421052631579	5	13	0
5	12.9582075371534	10.1333411482797	7.15789473684211	7.15789473684211	5	14	0
5	12.3356861515445	10.0190821606598	7.63157894736842	7.63157894736842	5	15	0
5	17.7317210104483	9.90482317303999	8.10526315789474	8.10526315789474	5	16	0
5	15.8641220090901	9.79056418542013	8.57894736842105	8.57894736842105	5	17	0
5	11.6457130551618	9.67630519780027	9.05263157894737	9.05263157894737	5	18	0
5	17.6921854873379	9.56204621018042	9.52631578947368	9.52631578947368	5	19	0
5	16.0544171845441	9.44778722256056	10	10	5	20	0
6	2.37904870689558	11.2513610485623	1	1	6	1	0
6	3.75017133682291	11.1757701597609	1.47368421052632	1.47368421052632	6	2	0
6	8.0384692598772	11.1001792709596	1.94736842105263	1.94736842105263	6	3	0
6	5.77259573021757	11.0245883821582	2.42105263157895	2.42105263157895	6	4	0
6	6.60068073347979	10.9489974933568	2.89473684210526	2.89473684210526	6	5	0
6	10.4827615527139	10.8734066045554	3.36842105263158	3.36842105263158	6	6	0
6	8.68499030671525	10.797815715754	3.84210526315789	3.84210526315789	6	7	0
6	5.94356174131325	10.7222248269526	4.31578947368421	4.31578947368421	6	8	0
6	7.81050482252874	10.6466339381513	4.78947368421053	4.78947368421053	6	9	0
6	9.00341290190535	10.5710430493499	5.26315789473684	5.26315789473684	6	10	0
6	13.0534267527737	10.4954521605485	5.73684210526316	5.73684210526316	6	11	0
6	12.0354171277989	10.4198612717471	6.21052631578947	6.21052631578947	6	12	0
6	12.8278586906618	10.3442703829457	6.68421052631579	6.68421052631579	6	13	0
6	12.9582075371534	10.2686794941444	7.15789473684211	7.15789473684211	6	14	0
6	12.3356861515445	10.193088605343	7.63157894736842	7.63157894736842	6	15	0
6	17.7317210104483	10.1174977165416	8.10526315789474	8.10526315789474	6	16	0
6	15.8641220090901	10.0419068277402	8.57894736842105	8.57894736842105	6	17	0
6	11.6457130551618	9.96631593893883	9.05263157894737	9.05263157894737	6	18	0
6	17.6921854873379	9.89072505013745	9.52631578947368	9.52631578947368	6	19	0
6	16.0544171845441	9.81513416133607	10	10	6	20	0
7	2.37904870689558	10.8840141097868	1	1	7	1	0
7	3.75017133682291	10.8470913198039	1.47368421052632	1.47368421052632	7	2	0
7	8.0384692598772	10.810168529821	1.94736842105263	1.94736842105263	7	3	0
7	5.77259573021757	10.7732457398381	2.42105263157895	2.42105263157895	7	4	0
7	6.60068073347979	10.7363229498552	2.89473684210526	2.89473684210526	7	5	0
7	10.4827615527139	10.6994001598723	3.36842105263158	3.36842105263158	7	6	0
7	8.68499030671525	10.6624773698894	3.84210526315789	3.84210526315789	7	7	0
7	5.94356174131325	10.6255545799065	4.31578947368421	4.31578947368421	7	8	0
7	7.81050482252874	10.5886317899236	4.78947368421053	4.78947368421053	7	9	0
7	9.00341290190535	10.5517089999407	5.26315789473684	5.26315789473684	7	10	0
7	13.0534267527737	10.5147862099577	5.73684210526316	5.73684210526316	7	11	0
7	12.0354171277989	10.4778634199748	6.21052631578947	6.21052631578947	7	12	0
7	12.8278586906618	10.4409406299919	6.68421052631579	6.68421052631579	7	13	0
7	12.9582075371534	10.404017840009	7.15789473684211	7.15789473684211	7	14	0
7	12.3356861515445	10.3670950500261	7.63157894736842	7.63157894736842	7	15	0
7	17.7317210104483	10.3301722600432	8.10526315789474	8.10526315789474	7	16	0
7	15.8641220090901	10.2932494700603	8.57894736842105	8.57894736842105	7	17	0
7	11.6457130551618	10.2563266800774	9.05263157894737	9.05263157894737	7	18	0
7	17.6921854873379	10.2194038900945	9.52631578947368	9.52631578947368	7	19	0
7	16.0544171845441	10.1824811001116	10	10	7	20	0
8	2.37904870689558	10.5166671710113	1	1	8	1	0
8	3.75017133682291	10.5184124798469	1.47368421052632	1.47368421052632	8	2	0
8	8.0384692598772	10.5201577886824	1.94736842105263	1.94736842105263	8	3	0
8	5.77259573021757	10.521903097518	2.42105263157895	2.42105263157895	8	4	0
8	6.60068073347979	10.5236484063536	2.89473684210526	2.89473684210526	8	5	0
8	10.4827615527139	10.5253937151891	3.36842105263158	3.36842105263158	8	6	0
8	8.68499030671525	10.5271390240247	3.84210526315789	3.84210526315789	8	7	0
8	5.94356174131325	10.5288843328603	4.31578947368421	4.31578947368421	8	8	0
8	7.81050482252874	10.5306296416958	4.78947368421053	4.78947368421053	8	9	0
8	9.00341290190535	10.5323749505314	5.26315789473684	5.26315789473684	8	10	0
8	13.0534267527737	10.534120259367	5.73684210526316	5.73684210526316	8	11	0
8	12.0354171277989	10.5358655682025	6.21052631578947	6.21052631578947	8	12	0
8	12.8278586906618	10.5376108770381	6.68421052631579	6.68421052631579	8	13	0
8	12.9582075371534	10.5393561858737	7.15789473684211	7.15789473684211	8	14	0
8	12.3356861515445	10.5411014947093	7.63157894736842	7.63157894736842	8	15	0
8	17.7317210104483	10.5428468035448	8.10526315789474	8.10526315789474	8	16	0
8	15.8641220090901	10.5445921123804	8.57894736842105	8.57894736842105	8	17	0
8	11.6457130551618	10.546337421216	9.05263157894737	9.05263157894737	8	18	0
8	17.6921854873379	10.5480827300515	9.52631578947368	9.52631578947368	8	19	0
8	16.0544171845441	10.5498280388871	10	10	8	20	0
9	2.37904870689558	10.1493202322358	1	1	9	1	0
9	3.75017133682291	10.1897336398898	1.47368421052632	1.47368421052632	9	2	0
9	8.0384692598772	10.2301470475439	1.94736842105263	1.94736842105263	9	3	0
9	5.77259573021757	10.2705604551979	2.42105263157895	2.42105263157895	9	4	0
9	6.60068073347979	10.310973862852	2.89473684210526	2.89473684210526	9	5	0
9	10.4827615527139	10.351387270506	3.36842105263158	3.36842105263158	9	6	0
9	8.68499030671525	10.39180067816	3.84210526315789	3.84210526315789	9	7	0
9	5.94356174131325	10.4322140858141	4.31578947368421	4.31578947368421	9	8	0
9	7.81050482252874	10.4726274934681	4.78947368421053	4.78947368421053	9	9	0
9	9.00341290190535	10.5130409011222	5.26315789473684	5.26315789473684	9	10	0
9	13.0534267527737	10.5534543087762	5.73684210526316	5.73684210526316	9	11	0
9	12.0354171277989	10.5938677164303	6.21052631578947	6.21052631578947	9	12	0
9	12.8278586906618	10.6342811240843	6.68421052631579	6.68421052631579	9	13	0
9	12.9582075371534	10.6746945317383	7.15789473684211	7.15789473684211	9	14	0
9	12.3356861515445	10.7151079393924	7.63157894736842	7.63157894736842	9	15	0
9	17.7317210104483	10.7555213470464	8.10526315789474	8.10526315789474	9	16	0
9	15.8641220090901	10.7959347547005	8.57894736842105	8.57894736842105	9	17	0
9	11.6457130551618	10.8363481623545	9.05263157894737	9.05263157894737	9	18	0
9	17.6921854873379	10.8767615700086	9.52631578947368	9.52631578947368	9	19	0
9	16.0544171845441	10.9171749776626	10	10	9	20	0
10	2.37904870689558	9.78197329346028	1	1	10	1	0
10	3.75017133682291	9.8610547999328	1.47368421052632	1.47368421052632	10	2	0
10	8.0384692598772	9.94013630640531	1.94736842105263	1.94736842105263	10	3	0
10	5.77259573021757	10.0192178128778	2.42105263157895	2.42105263157895	10	4	0
10	6.60068073347979	10.0982993193504	2.89473684210526	2.89473684210526	10	5	0
10	10.4827615527139	10.1773808258229	3.36842105263158	3.36842105263158	10	6	0
10	8.68499030671525	10.2564623322954	3.84210526315789	3.84210526315789	10	7	0
10	5.94356174131325	10.3355438387679	4.31578947368421	4.31578947368421	10	8	0
10	7.81050482252874	10.4146253452404	4.78947368421053	4.78947368421053	10	9	0
10	9.00341290190535	10.4937068517129	5.26315789473684	5.26315789473684	10	10	0
10	13.0534267527737	10.5727883581855	5.73684210526316	5.73684210526316	10	11	0
10	12.0354171277989	10.651869864658	6.21052631578947	6.21052631578947	10	12	0
10	12.8278586906618	10.7309513711305	6.68421052631579	6.68421052631579	10	13	0
10	12.9582075371534	10.810032877603	7.15789473684211	7.15789473684211	10	14	0
10	12.3356861515445	10.8891143840755	7.63157894736842	7.63157894736842	10	15	0
10	17.7317210104483	10.968195890548	8.10526315789474	8.10526315789474	10	16	0
10	15.8641220090901	11.0472773970206	8.57894736842105	8.57894736842105	10	17	0
10	11.6457130551618	11.1263589034931	9.05263157894737	9.05263157894737	10	18	0
10	17.6921854873379	11.2054404099656	9.52631578947368	9.52631578947368	10	19	0
10	16.0544171845441	11.2845219164381	10	10	10	20	0
11	2.37904870689558	9.41462635468477	1	1	11	1	0
11	3.75017133682291	9.53237595997576	1.47368421052632	1.47368421052632	11	2	0
11	8.0384692598772	9.65012556526675	1.94736842105263	1.94736842105263	11	3	0
11	5.77259573021757	9.76787517055775	2.42105263157895	2.42105263157895	11	4	0
11	6.60068073347979	9.88562477584874	2.89473684210526	2.89473684210526	11	5	0
11	10.4827615527139	10.0033743811397	3.36842105263158	3.36842105263158	11	6	0
11	8.68499030671525	10.1211239864307	3.84210526315789	3.84210526315789	11	7	0
11	5.94356174131325	10.2388735917217	4.31578947368421	4.31578947368421	11	8	0
11	7.81050482252874	10.3566231970127	4.78947368421053	4.78947368421053	11	9	0
11	9.00341290190535	10.4743728023037	5.26315789473684	5.26315789473684	11	10	0
11	13.0534267527737	10.5921224075947	5.73684210526316	5.73684210526316	11	11	0
11	12.0354171277989	10.7098720128857	6.21052631578947	6.21052631578947	11	12	0
11	12.8278586906618	10.8276216181767	6.68421052631579	6.68421052631579	11	13	0
11	12.9582075371534	10.9453712234677	7.15789473684211	7.15789473684211	11	14	0
11	12.3356861515445	11.0631208287587	7.63157894736842	7.63157894736842	11	15	0
11	17.7317210104483	11.1808704340497	8.10526315789474	8.10526315789474	11	16	0
11	15.8641220090901	11.2986200393406	8.57894736842105	8.57894736842105	11	17	0
11	11.6457130551618	11.4163696446316	9.05263157894737	9.05263157894737	11	18	0
11	17.6921854873379	11.5341192499226	9.52631578947368	9.52631578947368	11	19	0
11	16.0544171845441	11.6518688552136	10	10	11	20	0
12	2.37904870689558	9.04727941590926	1	1	12	1	0
12	3.75017133682291	9.20369712001873	1.47368421052632	1.47368421052632	12	2	0
12	8.0384692598772	9.36011482412819	1.94736842105263	1.94736842105263	12	3	0
12	5.77259573021757	9.51653252823766	2.42105263157895	2.42105263157895	12	4	0
12	6.60068073347979	9.67295023234713	2.89473684210526	2.89473684210526	12	5	0
12	10.4827615527139	9.8293679364566	3.36842105263158	3.36842105263158	12	6	0
12	8.68499030671525	9.98578564056606	3.84210526315789	3.84210526315789	12	7	0
12	5.94356174131325	10.1422033446755	4.31578947368421	4.31578947368421	12	8	0
12	7.81050482252874	10.298621048785	4.78947368421053	4.78947368421053	12	9	0
12	9.00341290190535	10.4550387528945	5.26315789473684	5.26315789473684	12	10	0
12	13.0534267527737	10.6114564570039	5.73684210526316	5.73684210526316	12	11	0
12	12.0354171277989	10.7678741611134	6.21052631578947	6.21052631578947	12	12	0
12	12.8278586906618	10.9242918652229	6.68421052631579	6.68421052631579	12	13	0
12	12.9582075371534	11.0807095693323	7.15789473684211	7.15789473684211	12	14	0
12	12.3356861515445	11.2371272734418	7.63157894736842	7.63157894736842	12	15	0
12	17.7317210104483	11.3935449775513	8.10526315789474	8.10526315789474	12	16	0
12	15.8641220090901	11.5499626816607	8.57894736842105	8.57894736842105	12	17	0
12	11.6457130551618	11.7063803857702	9.05263157894737	9.05263157894737	12	18	0
12	17.6921854873379	11.8627980898797	9.52631578947368	9.52631578947368	12	19	0
12	16.0544171845441	12.0192157939891	10	10	12	20	0
13	2.37904870689558	8.67993247713375	1	1	13	1	0
13	3.75017133682291	8.87501828006169	1.47368421052632	1.47368421052632	13	2	0
13	8.0384692598772	9.07010408298963	1.94736842105263	1.94736842105263	13	3	0
13	5.77259573021757	9.26518988591757	2.42105263157895	2.42105263157895	13	4	0
13	6.60068073347979	9.46027568884552	2.89473684210526	2.89473684210526	13	5	0
13	10.4827615527139	9.65536149177346	3.36842105263158	3.36842105263158	13	6	0
13	8.68499030671525	9.8504472947014	3.84210526315789	3.84210526315789	13	7	0
13	5.94356174131325	10.0455330976293	4.31578947368421	4.31578947368421	13	8	0
13	7.81050482252874	10.2406189005573	4.78947368421053	4.78947368421053	13	9	0
13	9.00341290190535	10.4357047034852	5.26315789473684	5.26315789473684	13	10	0
13	13.0534267527737	10.6307905064132	5.73684210526316	5.73684210526316	13	11	0
13	12.0354171277989	10.8258763093411	6.21052631578947	6.21052631578947	13	12	0
13	12.8278586906618	11.0209621122691	6.68421052631579	6.68421052631579	13	13	0
13	12.9582075371534	11.216047915197	7.15789473684211	7.15789473684211	13	14	0
13	12.3356861515445	11.4111337181249	7.63157894736842	7.63157894736842	13	15	0
13	17.7317210104483	11.6062195210529	8.10526315789474	8.10526315789474	13	16	0
13	15.8641220090901	11.8013053239808	8.57894736842105	8.57894736842105	13	17	0
13	11.6457130551618	11.9963911269088	9.05263157894737	9.05263157894737	13	18	0
13	17.6921854873379	12.1914769298367	9.52631578947368	9.52631578947368	13	19	0
13	16.0544171845441	12.3865627327646	10	10	13	20	0
14	2.37904870689558	8.31258553835824	1	1	14	1	0
14	3.75017133682291	8.54633944010466	1.47368421052632	1.47368421052632	14	2	0
14	8.0384692598772	8.78009334185107	1.94736842105263	1.94736842105263	14	3	0
14	5.77259573021757	9.01384724359749	2.42105263157895	2.42105263157895	14	4	0
14	6.60068073347979	9.24760114534391	2.89473684210526	2.89473684210526	14	5	0
14	10.4827615527139	9.48135504709032	3.36842105263158	3.36842105263158	14	6	0
14	8.68499030671525	9.71510894883674	3.84210526315789	3.84210526315789	14	7	0
14	5.94356174131325	9.94886285058315	4.31578947368421	4.31578947368421	14	8	0
14	7.81050482252874	10.1826167523296	4.78947368421053	4.78947368421053	14	9	0
14	9.00341290190535	10.416370654076	5.26315789473684	5.26315789473684	14	10	0
14	13.0534267527737	10.6501245558224	5.73684210526316	5.73684210526316	14	11	0
14	12.0354171277989	10.8838784575688	6.21052631578947	6.21052631578947	14	12	0
14	12.8278586906618	11.1176323593152	6.68421052631579	6.68421052631579	14	13	0
14	12.9582075371534	11.3513862610617	7.15789473684211	7.15789473684211	14	14	0
14	12.3356861515445	11.5851401628081	7.63157894736842	7.63157894736842	14	15	0
14	17.7317210104483	11.8188940645545	8.10526315789474	8.10526315789474	14	16	0
14	15.8641220090901	12.0526479663009	8.57894736842105	8.57894736842105	14	17	0
14	11.6457130551618	12.2864018680473	9.05263157894737	9.05263157894737	14	18	0
14	17.6921854873379	12.5201557697937	9.52631578947368	9.52631578947368	14	19	0
14	16.0544171845441	12.7539096715402	10	10	14	20	0
15	2.37904870689558	7.94523859958273	1	1	15	1	0
15	3.75017133682291	8.21766060014762	1.47368421052632	1.47368421052632	15	2	0
15	8.0384692598772	8.49008260071251	1.94736842105263	1.94736842105263	15	3	0
15	5.77259573021757	8.7625046012774	2.42105263157895	2.42105263157895	15	4	0
15	6.60068073347979	9.03492660184229	2.89473684210526	2.89473684210526	15	5	0
15	10.4827615527139	9.30734860240718	3.36842105263158	3.36842105263158	15	6	0
15	8.68499030671525	9.57977060297208	3.84210526315789	3.84210526315789	15	7	0
15	5.94356174131325	9.85219260353697	4.31578947368421	4.31578947368421	15	8	0
15	7.81050482252874	10.1246146041019	4.78947368421053	4.78947368421053	15	9	0
15	9.00341290190535	10.3970366046668	5.26315789473684	5.26315789473684	15	10	0
15	13.0534267527737	10.6694586052316	5.73684210526316	5.73684210526316	15	11	0
15	12.0354171277989	10.9418806057965	6.21052631578947	6.21052631578947	15	12	0
15	12.8278586906618	11.2143026063614	6.68421052631579	6.68421052631579	15	13	0
15	12.9582075371534	11.4867246069263	7.15789473684211	7.15789473684211	15	14	0
15	12.3356861515445	11.7591466074912	7.63157894736842	7.63157894736842	15	15	0
15	17.7317210104483	12.0315686080561	8.10526315789474	8.10526315789474	15	16	0
15	15.8641220090901	12.303990608621	8.57894736842105	8.57894736842105	15	17	0
15	11.6457130551618	12.5764126091859	9.05263157894737	9.05263157894737	15	18	0
15	17.6921854873379	12.8488346097508	9.52631578947368	9.52631578947368	15	19	0
15	16.0544171845441	13.1212566103157	10	10	15	20	0
16	2.37904870689558	7.57789166080722	1	1	16	1	0
16	3.75017133682291	7.88898176019059	1.47368421052632	1.47368421052632	16	2	0
16	8.0384692598772	8.20007185957395	1.94736842105263	1.94736842105263	16	3	0
16	5.77259573021757	8.51116195895732	2.42105263157895	2.42105263157895	16	4	0
16	6.60068073347979	8.82225205834068	2.89473684210526	2.89473684210526	16	5	0
16	10.4827615527139	9.13334215772405	3.36842105263158	3.36842105263158	16	6	0
16	8.68499030671525	9.44443225710742	3.84210526315789	3.84210526315789	16	7	0
16	5.94356174131325	9.75552235649078	4.31578947368421	4.31578947368421	16	8	0
16	7.81050482252874	10.0666124558741	4.78947368421053	4.78947368421053	16	9	0
16	9.00341290190535	10.3777025552575	5.26315789473684	5.26315789473684	16	10	0
16	13.0534267527737	10.6887926546409	5.73684210526316	5.73684210526316	16	11	0
16	12.0354171277989	10.9998827540242	6.21052631578947	6.21052631578947	16	12	0
16	12.8278586906618	11.3109728534076	6.68421052631579	6.68421052631579	16	13	0
16	12.9582075371534	11.622062952791	7.15789473684211	7.15789473684211	16	14	0
16	12.3356861515445	11.9331530521743	7.63157894736842	7.63157894736842	16	15	0
16	17.7317210104483	12.2442431515577	8.10526315789474	8.10526315789474	16	16	0
16	15.8641220090901	12.5553332509411	8.57894736842105	8.57894736842105	16	17	0
16	11.6457130551618	12.8664233503244	9.05263157894737	9.05263157894737	16	18	0
16	17.6921854873379	13.1775134497078	9.52631578947368	9.52631578947368	16	19	0
16	16.0544171845441	13.4886035490912	10	10	16	20	0
17	2.37904870689558	7.21054472203171	1	1	17	1	0
17	3.75017133682291	7.56030292023355	1.47368421052632	1.47368421052632	17	2	0
17	8.0384692598772	7.91006111843539	1.94736842105263	1.94736842105263	17	3	0
17	5.77259573021757	8.25981931663723	2.42105263157895	2.42105263157895	17	4	0
17	6.60068073347979	8.60957751483907	2.89473684210526	2.89473684210526	17	5	0
17	10.4827615527139	8.95933571304091	3.36842105263158	3.36842105263158	17	6	0
17	8.68499030671525	9.30909391124275	3.84210526315789	3.84210526315789	17	7	0
17	5.94356174131325	9.6588521094446	4.31578947368421	4.31578947368421	17	8	0
17	7.81050482252874	10.0086103076464	4.78947368421053	4.78947368421053	17	9	0
17	9.00341290190535	10.3583685058483	5.26315789473684	5.26315789473684	17	10	0
17	13.0534267527737	10.7081267040501	5.73684210526316	5.73684210526316	17	11	0
17	12.0354171277989	11.057884902252	6.21052631578947	6.21052631578947	17	12	0
17	12.8278586906618	11.4076431004538	6.68421052631579	6.68421052631579	17	13	0
17	12.9582075371534	11.7574012986556	7.15789473684211	7.15789473684211	17	14	0
17	12.3356861515445	12.1071594968575	7.63157894736842	7.63157894736842	17	15	0
17	17.7317210104483	12.4569176950593	8.10526315789474	8.10526315789474	17	16	0
17	15.8641220090901	12.8066758932612	8.57894736842105	8.57894736842105	17	17	0
17	11.6457130551618	13.156434091463	9.05263157894737	9.05263157894737	17	18	0
17	17.6921854873379	13.5061922896648	9.52631578947368	9.52631578947368	17	19	0
17	16.0544171845441	13.8559504878667	10	10	17	20	0
18	2.37904870689558	6.8431977832562	1	1	18	1	0
18	3.75017133682291	7.23162408027651	1.47368421052632	1.47368421052632	18	2	0
18	8.0384692598772	7.62005037729683	1.94736842105263	1.94736842105263	18	3	0
18	5.77259573021757	8.00847667431714	2.42105263157895	2.42105263157895	18	4	0
18	6.60068073347979	8.39690297133746	2.89473684210526	2.89473684210526	18	5	0
18	10.4827615527139	8.78532926835777	3.36842105263158	3.36842105263158	18	6	0
18	8.68499030671525	9.17375556537809	3.84210526315789	3.84210526315789	18	7	0
18	5.94356174131325	9.56218186239841	4.31578947368421	4.31578947368421	18	8	0
18	7.81050482252874	9.95060815941872	4.78947368421053	4.78947368421053	18	9	0
18	9.00341290190535	10.339034456439	5.26315789473684	5.26315789473684	18	10	0
18	13.0534267527737	10.7274607534594	5.73684210526316	5.73684210526316	18	11	0
18	12.0354171277989	11.1158870504797	6.21052631578947	6.21052631578947	18	12	0
18	12.8278586906618	11.5043133475	6.68421052631579	6.68421052631579	18	13	0
18	12.9582075371534	11.8927396445203	7.15789473684211	7.15789473684211	18	14	0
18	12.3356861515445	12.2811659415406	7.63157894736842	7.63157894736842	18	15	0
18	17.7317210104483	12.6695922385609	8.10526315789474	8.10526315789474	18	16	0
18	15.8641220090901	13.0580185355812	8.57894736842105	8.57894736842105	18	17	0
18	11.6457130551618	13.4464448326016	9.05263157894737	9.05263157894737	18	18	0
18	17.6921854873379	13.8348711296219	9.52631578947368	9.52631578947368	18	19	0
18	16.0544171845441	14.2232974266422	10	10	18	20	0
19	2.37904870689558	6.47585084448069	1	1	19	1	0
19	3.75017133682291	6.90294524031948	1.47368421052632	1.47368421052632	19	2	0
19	8.0384692598772	7.33003963615827	1.94736842105263	1.94736842105263	19	3	0
19	5.77259573021757	7.75713403199706	2.42105263157895	2.42105263157895	19	4	0
19	6.60068073347979	8.18422842783585	2.89473684210526	2.89473684210526	19	5	0
19	10.4827615527139	8.61132282367464	3.36842105263158	3.36842105263158	19	6	0
19	8.68499030671525	9.03841721951343	3.84210526315789	3.84210526315789	19	7	0
19	5.94356174131325	9.46551161535222	4.31578947368421	4.31578947368421	19	8	0
19	7.81050482252874	9.89260601119101	4.78947368421053	4.78947368421053	19	9	0
19	9.00341290190535	10.3197004070298	5.26315789473684	5.26315789473684	19	10	0
19	13.0534267527737	10.7467948028686	5.73684210526316	5.73684210526316	19	11	0
19	12.0354171277989	11.1738891987074	6.21052631578947	6.21052631578947	19	12	0
19	12.8278586906618	11.6009835945462	6.68421052631579	6.68421052631579	19	13	0
19	12.9582075371534	12.028077990385	7.15789473684211	7.15789473684211	19	14	0
19	12.3356861515445	12.4551723862238	7.63157894736842	7.63157894736842	19	15	0
19	17.7317210104483	12.8822667820625	8.10526315789474	8.10526315789474	19	16	0
19	15.8641220090901	13.3093611779013	8.57894736842105	8.57894736842105	19	17	0
19	11.6457130551618	13.7364555737401	9.05263157894737	9.05263157894737	19	18	0
19	17.6921854873379	14.1635499695789	9.52631578947368	9.52631578947368	19	19	0
19	16.0544171845441	14.5906443654177	10	10	19	20	0
20	2.37904870689558	6.10850390570518	1	1	20	1	0
20	3.75017133682291	6.57426640036244	1.47368421052632	1.47368421052632	20	2	0
20	8.0384692598772	7.04002889501971	1.94736842105263	1.94736842105263	20	3	0
20	5.77259573021757	7.50579138967697	2.42105263157895	2.42105263157895	20	4	0
20	6.60068073347979	7.97155388433424	2.89473684210526	2.89473684210526	20	5	0
20	10.4827615527139	8.4373163789915	3.36842105263158	3.36842105263158	20	6	0
20	8.68499030671525	8.90307887364877	3.84210526315789	3.84210526315789	20	7	0
20	5.94356174131325	9.36884136830603	4.31578947368421	4.31578947368421	20	8	0
20	7.81050482252874	9.8346038629633	4.78947368421053	4.78947368421053	20	9	0
20	9.00341290190535	10.3003663576206	5.26315789473684	5.26315789473684	20	10	0
20	13.0534267527737	10.7661288522778	5.73684210526316	5.73684210526316	20	11	0
20	12.0354171277989	11.2318913469351	6.21052631578947	6.21052631578947	20	12	0
20	12.8278586906618	11.6976538415924	6.68421052631579	6.68421052631579	20	13	0
20	12.9582075371534	12.1634163362496	7.15789473684211	7.15789473684211	20	14	0
20	12.3356861515445	12.6291788309069	7.63157894736842	7.63157894736842	20	15	0
20	17.7317210104483	13.0949413255642	8.10526315789474	8.10526315789474	20	16	0
20	15.8641220090901	13.5607038202214	8.57894736842105	8.57894736842105	20	17	0
20	11.6457130551618	14.0264663148787	9.05263157894737	9.05263157894737	20	18	0
20	17.6921854873379	14.4922288095359	9.52631578947368	9.52631578947368	20	19	0
20	16.0544171845441	14.9579913041932	10	10	20	20	0
21	2.37904870689558	5.74115696692967	1	1	21	1	0
21	3.75017133682291	6.24558756040541	1.47368421052632	1.47368421052632	21	2	0
21	8.0384692598772	6.75001815388115	1.94736842105263	1.94736842105263	21	3	0
21	5.77259573021757	7.25444874735689	2.42105263157895	2.42105263157895	21	4	0
21	6.60068073347979	7.75887934083263	2.89473684210526	2.89473684210526	21	5	0
21	10.4827615527139	8.26330993430837	3.36842105263158	3.36842105263158	21	6	0
21	8.68499030671525	8.76774052778411	3.84210526315789	3.84210526315789	21	7	0
21	5.94356174131325	9.27217112125985	4.31578947368421	4.31578947368421	21	8	0
21	7.81050482252874	9.77660171473559	4.78947368421053	4.78947368421053	21	9	0
21	9.00341290190535	10.2810323082113	5.26315789473684	5.26315789473684	21	10	0
21	13.0534267527737	10.7854629016871	5.73684210526316	5.73684210526316	21	11	0
21	12.0354171277989	11.2898934951628	6.21052631578947	6.21052631578947	21	12	0
21	12.8278586906618	11.7943240886385	6.68421052631579	6.68421052631579	21	13	0
21	12.9582075371534	12.2987546821143	7.15789473684211	7.15789473684211	21	14	0
21	12.3356861515445	12.80318527559	7.63157894736842	7.63157894736842	21	15	0
21	17.7317210104483	13.3076158690658	8.10526315789474	8.10526315789474	21	16	0
21	15.8641220090901	13.8120464625415	8.57894736842105	8.57894736842105	21	17	0
21	11.6457130551618	14.3164770560172	9.05263157894737	9.05263157894737	21	18	0
21	17.6921854873379	14.820907649493	9.52631578947368	9.52631578947368	21	19	0
21	16.0544171845441	15.3253382429687	10	10	21	20	0
22	2.37904870689558	5.37381002815416	1	1	22	1	0
22	3.75017133682291	5.91690872044837	1.47368421052632	1.47368421052632	22	2	0
22	8.0384692598772	6.46000741274259	1.94736842105263	1.94736842105263	22	3	0
22	5.77259573021757	7.0031061050368	2.42105263157895	2.42105263157895	22	4	0
22	6.60068073347979	7.54620479733102	2.89473684210526	2.89473684210526	22	5	0
22	10.4827615527139	8.08930348962523	3.36842105263158	3.36842105263158	22	6	0
22	8.68499030671525	8.63240218191945	3.84210526315789	3.84210526315789	22	7	0
22	5.94356174131325	9.17550087421366	4.31578947368421	4.31578947368421	22	8	0
22	7.81050482252874	9.71859956650787	4.78947368421053	4.78947368421053	22	9	0
22	9.00341290190535	10.2616982588021	5.26315789473684	5.26315789473684	22	10	0
22	13.0534267527737	10.8047969510963	5.73684210526316	5.73684210526316	22	11	0
22	12.0354171277989	11.3478956433905	6.21052631578947	6.21052631578947	22	12	0
22	12.8278586906618	11.8909943356847	6.68421052631579	6.68421052631579	22	13	0
22	12.9582075371534	12.4340930279789	7.15789473684211	7.15789473684211	22	14	0
22	12.3356861515445	12.9771917202732	7.63157894736842	7.63157894736842	22	15	0
22	17.7317210104483	13.5202904125674	8.10526315789474	8.10526315789474	22	16	0
22	15.8641220090901	14.0633891048616	8.57894736842105	8.57894736842105	22	17	0
22	11.6457130551618	14.6064877971558	9.05263157894737	9.05263157894737	22	18	0
22	17.6921854873379	15.14958648945	9.52631578947368	9.52631578947368	22	19	0
22	16.0544171845441	15.6926851817442	10	10	22	20	0
23	2.37904870689558	5.00646308937865	1	1	23	1	0
23	3.75017133682291	5.58822988049134	1.47368421052632	1.47368421052632	23	2	0
23	8.0384692598772	6.16999667160403	1.94736842105263	1.94736842105263	23	3	0
23	5.77259573021757	6.75176346271672	2.42105263157895	2.42105263157895	23	4	0
23	6.60068073347979	7.3335302538294	2.89473684210526	2.89473684210526	23	5	0
23	10.4827615527139	7.91529704494209	3.36842105263158	3.36842105263158	23	6	0
23	8.68499030671525	8.49706383605478	3.84210526315789	3.84210526315789	23	7	0
23	5.94356174131325	9.07883062716747	4.31578947368421	4.31578947368421	23	8	0
23	7.81050482252874	9.66059741828016	4.78947368421053	4.78947368421053	23	9	0
23	9.00341290190535	10.2423642093928	5.26315789473684	5.26315789473684	23	10	0
23	13.0534267527737	10.8241310005055	5.73684210526316	5.73684210526316	23	11	0
23	12.0354171277989	11.4058977916182	6.21052631578947	6.21052631578947	23	12	0
23	12.8278586906618	11.9876645827309	6.68421052631579	6.68421052631579	23	13	0
23	12.9582075371534	12.5694313738436	7.15789473684211	7.15789473684211	23	14	0
23	12.3356861515445	13.1511981649563	7.63157894736842	7.63157894736842	23	15	0
23	17.7317210104483	13.732964956069	8.10526315789474	8.10526315789474	23	16	0
23	15.8641220090901	14.3147317471817	8.57894736842105	8.57894736842105	23	17	0
23	11.6457130551618	14.8964985382944	9.05263157894737	9.05263157894737	23	18	0
23	17.6921854873379	15.4782653294071	9.52631578947368	9.52631578947368	23	19	0
23	16.0544171845441	16.0600321205197	10	10	23	20	0
24	2.37904870689558	4.63911615060314	1	1	24	1	0
24	3.75017133682291	5.2595510405343	1.47368421052632	1.47368421052632	24	2	0
24	8.0384692598772	5.87998593046546	1.94736842105263	1.94736842105263	24	3	0
24	5.77259573021757	6.50042082039663	2.42105263157895	2.42105263157895	24	4	0
24	6.60068073347979	7.12085571032779	2.89473684210526	2.89473684210526	24	5	0
24	10.4827615527139	7.74129060025896	3.36842105263158	3.36842105263158	24	6	0
24	8.68499030671525	8.36172549019012	3.84210526315789	3.84210526315789	24	7	0
24	5.94356174131325	8.98216038012129	4.31578947368421	4.31578947368421	24	8	0
24	7.81050482252874	9.60259527005245	4.78947368421053	4.78947368421053	24	9	0
24	9.00341290190535	10.2230301599836	5.26315789473684	5.26315789473684	24	10	0
24	13.0534267527737	10.8434650499148	5.73684210526316	5.73684210526316	24	11	0
24	12.0354171277989	11.4638999398459	6.21052631578947	6.21052631578947	24	12	0
24	12.8278586906618	12.0843348297771	6.68421052631579	6.68421052631579	24	13	0
24	12.9582075371534	12.7047697197083	7.15789473684211	7.15789473684211	24	14	0
24	12.3356861515445	13.3252046096394	7.63157894736842	7.63157894736842	24	15	0
24	17.7317210104483	13.9456394995706	8.10526315789474	8.10526315789474	24	16	0
24	15.8641220090901	14.5660743895018	8.57894736842105	8.57894736842105	24	17	0
24	11.6457130551618	15.1865092794329	9.05263157894737	9.05263157894737	24	18	0
24	17.6921854873379	15.8069441693641	9.52631578947368	9.52631578947368	24	19	0
24	16.0544171845441	16.4273790592953	10	10	24	20	0
25	2.37904870689558	4.27176921182763	1	1	25	1	0
25	3.75017133682291	4.93087220057727	1.47368421052632	1.47368421052632	25	2	0
25	8.0384692598772	5.5899751893269	1.94736842105263	1.94736842105263	25	3	0
25	5.77259573021757	6.24907817807654	2.42105263157895	2.42105263157895	25	4	0
25	6.60068073347979	6.90818116682618	2.89473684210526	2.89473684210526	25	5	0
25	10.4827615527139	7.56728415557582	3.36842105263158	3.36842105263158	25	6	0
25	8.68499030671525	8.22638714432546	3.84210526315789	3.84210526315789	25	7	0
25	5.94356174131325	8.8854901330751	4.31578947368421	4.31578947368421	25	8	0
25	7.81050482252874	9.54459312182474	4.78947368421053	4.78947368421053	25	9	0
25	9.00341290190535	10.2036961105744	5.26315789473684	5.26315789473684	25	10	0
25	13.0534267527737	10.862799099324	5.73684210526316	5.73684210526316	25	11	0
25	12.0354171277989	11.5219020880737	6.21052631578947	6.21052631578947	25	12	0
25	12.8278586906618	12.1810050768233	6.68421052631579	6.68421052631579	25	13	0
25	12.9582075371534	12.8401080655729	7.15789473684211	7.15789473684211	25	14	0
25	12.3356861515445	13.4992110543226	7.63157894736842	7.63157894736842	25	15	0
25	17.7317210104483	14.1583140430722	8.10526315789474	8.10526315789474	25	16	0
25	15.8641220090901	14.8174170318218	8.57894736842105	8.57894736842105	25	17	0
25	11.6457130551618	15.4765200205715	9.05263157894737	9.05263157894737	25	18	0
25	17.6921854873379	16.1356230093211	9.52631578947368	9.52631578947368	25	19	0
25	16.0544171845441	16.7947259980708	10	10	25	20	0
26	2.37904870689558	3.90442227305212	1	1	26	1	0
26	3.75017133682291	4.60219336062023	1.47368421052632	1.47368421052632	26	2	0
26	8.0384692598772	5.29996444818834	1.94736842105263	1.94736842105263	26	3	0
26	5.77259573021757	5.99773553575646	2.42105263157895	2.42105263157895	26	4	0
26	6.60068073347979	6.69550662332457	2.89473684210526	2.89473684210526	26	5	0
26	10.4827615527139	7.39327771089269	3.36842105263158	3.36842105263158	26	6	0
26	8.68499030671525	8.0910487984608	3.84210526315789	3.84210526315789	26	7	0
26	5.94356174131325	8.78881988602891	4.31578947368421	4.31578947368421	26	8	0
26	7.81050482252874	9.48659097359702	4.78947368421053	4.78947368421053	26	9	0
26	9.00341290190535	10.1843620611651	5.26315789473684	5.26315789473684	26	10	0
26	13.0534267527737	10.8821331487333	5.73684210526316	5.73684210526316	26	11	0
26	12.0354171277989	11.5799042363014	6.21052631578947	6.21052631578947	26	12	0
26	12.8278586906618	12.2776753238695	6.68421052631579	6.68421052631579	26	13	0
26	12.9582075371534	12.9754464114376	7.15789473684211	7.15789473684211	26	14	0
26	12.3356861515445	13.6732174990057	7.63157894736842	7.63157894736842	26	15	0
26	17.7317210104483	14.3709885865738	8.10526315789474	8.10526315789474	26	16	0
26	15.8641220090901	15.0687596741419	8.57894736842105	8.57894736842105	26	17	0
26	11.6457130551618	15.7665307617101	9.05263157894737	9.05263157894737	26	18	0
26	17.6921854873379	16.4643018492782	9.52631578947368	9.52631578947368	26	19	0
26	16.0544171845441	17.1620729368463	10	10	26	20	0
27	2.37904870689558	3.53707533427661	1	1	27	1	0
27	3.75017133682291	4.2735145206632	1.47368421052632	1.47368421052632	27	2	0
27	8.0384692598772	5.00995370704978	1.94736842105263	1.94736842105263	27	3	0
27	5.77259573021757	5.74639289343637	2.42105263157895	2.42105263157895	27	4	0
27	6.60068073347979	6.48283207982296	2.89473684210526	2.89473684210526	27	5	0
27	10.4827615527139	7.21927126620955	3.36842105263158	3.36842105263158	27	6	0
27	8.68499030671525	7.95571045259614	3.84210526315789	3.84210526315789	27	7	0
27	5.94356174131325	8.69214963898273	4.31578947368421	4.31578947368421	27	8	0
27	7.81050482252874	9.42858882536931	4.78947368421053	4.78947368421053	27	9	0
27	9.00341290190535	10.1650280117559	5.26315789473684	5.26315789473684	27	10	0
27	13.0534267527737	10.9014671981425	5.73684210526316	5.73684210526316	27	11	0
27	12.0354171277989	11.6379063845291	6.21052631578947	6.21052631578947	27	12	0
27	12.8278586906618	12.3743455709157	6.68421052631579	6.68421052631579	27	13	0
27	12.9582075371534	13.1107847573023	7.15789473684211	7.15789473684211	27	14	0
27	12.3356861515445	13.8472239436888	7.63157894736842	7.63157894736842	27	15	0
27	17.7317210104483	14.5836631300754	8.10526315789474	8.10526315789474	27	16	0
27	15.8641220090901	15.320102316462	8.57894736842105	8.57894736842105	27	17	0
27	11.6457130551618	16.0565415028486	9.05263157894737	9.05263157894737	27	18	0
27	17.6921854873379	16.7929806892352	9.52631578947368	9.52631578947368	27	19	0
27	16.0544171845441	17.5294198756218	10	10	27	20	0
28	2.37904870689558	3.1697283955011	1	1	28	1	0
28	3.75017133682291	3.94483568070616	1.47368421052632	1.47368421052632	28	2	0
28	8.0384692598772	4.71994296591122	1.94736842105263	1.94736842105263	28	3	0
28	5.77259573021757	5.49505025111629	2.42105263157895	2.42105263157895	28	4	0
28	6.60068073347979	6.27015753632135	2.89473684210526	2.89473684210526	28	5	0
28	10.4827615527139	7.04526482152641	3.36842105263158	3.36842105263158	28	6	0
28	8.68499030671525	7.82037210673148	3.84210526315789	3.84210526315789	28	7	0
28	5.94356174131325	8.59547939193654	4.31578947368421	4.31578947368421	28	8	0
28	7.81050482252874	9.3705866771416	4.78947368421053	4.78947368421053	28	9	0
28	9.00341290190535	10.1456939623467	5.26315789473684	5.26315789473684	28	10	0
28	13.0534267527737	10.9208012475517	5.73684210526316	5.73684210526316	28	11	0
28	12.0354171277989	11.6959085327568	6.21052631578947	6.21052631578947	28	12	0
28	12.8278586906618	12.4710158179619	6.68421052631579	6.68421052631579	28	13	0
28	12.9582075371534	13.2461231031669	7.15789473684211	7.15789473684211	28	14	0
28	12.3356861515445	14.021230388372	7.63157894736842	7.63157894736842	28	15	0
28	17.7317210104483	14.796337673577	8.10526315789474	8.10526315789474	28	16	0
28	15.8641220090901	15.5714449587821	8.57894736842105	8.57894736842105	28	17	0
28	11.6457130551618	16.3465522439872	9.05263157894737	9.05263157894737	28	18	0
28	17.6921854873379	17.1216595291922	9.52631578947368	9.52631578947368	28	19	0
28	16.0544171845441	17.8967668143973	10	10	28	20	0
29	2.37904870689558	2.80238145672559	1	1	29	1	0
29	3.75017133682291	3.61615684074912	1.47368421052632	1.47368421052632	29	2	0
29	8.0384692598772	4.42993222477266	1.94736842105263	1.94736842105263	29	3	0
29	5.77259573021757	5.2437076087962	2.42105263157895	2.42105263157895	29	4	0
29	6.60068073347979	6.05748299281974	2.89473684210526	2.89473684210526	29	5	0
29	10.4827615527139	6.87125837684328	3.36842105263158	3.36842105263158	29	6	0
29	8.68499030671525	7.68503376086681	3.84210526315789	3.84210526315789	29	7	0
29	5.94356174131325	8.49880914489035	4.31578947368421	4.31578947368421	29	8	0
29	7.81050482252874	9.31258452891389	4.78947368421053	4.78947368421053	29	9	0
29	9.00341290190535	10.1263599129374	5.26315789473684	5.26315789473684	29	10	0
29	13.0534267527737	10.940135296961	5.73684210526316	5.73684210526316	29	11	0
29	12.0354171277989	11.7539106809845	6.21052631578947	6.21052631578947	29	12	0
29	12.8278586906618	12.567686065008	6.68421052631579	6.68421052631579	29	13	0
29	12.9582075371534	13.3814614490316	7.15789473684211	7.15789473684211	29	14	0
29	12.3356861515445	14.1952368330551	7.63157894736842	7.63157894736842	29	15	0
29	17.7317210104483	15.0090122170787	8.10526315789474	8.10526315789474	29	16	0
29	15.8641220090901	15.8227876011022	8.57894736842105	8.57894736842105	29	17	0
29	11.6457130551618	16.6365629851257	9.05263157894737	9.05263157894737	29	18	0
29	17.6921854873379	17.4503383691493	9.52631578947368	9.52631578947368	29	19	0
29	16.0544171845441	18.2641137531728	10	10	29	20	0
30	2.37904870689558	2.43503451795008	1	1	30	1	0
30	3.75017133682291	3.28747800079209	1.47368421052632	1.47368421052632	30	2	0
30	8.0384692598772	4.1399214836341	1.94736842105263	1.94736842105263	30	3	0
30	5.77259573021757	4.99236496647611	2.42105263157895	2.42105263157895	30	4	0
30	6.60068073347979	5.84480844931813	2.89473684210526	2.89473684210526	30	5	0
30	10.4827615527139	6.69725193216014	3.36842105263158	3.36842105263158	30	6	0
30	8.68499030671525	7.54969541500215	3.84210526315789	3.84210526315789	30	7	0
30	5.94356174131325	8.40213889784416	4.31578947368421	4.31578947368421	30	8	0
30	7.81050482252874	9.25458238068618	4.78947368421053	4.78947368421053	30	9	0
30	9.00341290190535	10.1070258635282	5.26315789473684	5.26315789473684	30	10	0
30	13.0534267527737	10.9594693463702	5.73684210526316	5.73684210526316	30	11	0
30	12.0354171277989	11.8119128292122	6.21052631578947	6.21052631578947	30	12	0
30	12.8278586906618	12.6643563120542	6.68421052631579	6.68421052631579	30	13	0
30	12.9582075371534	13.5167997948962	7.15789473684211	7.15789473684211	30	14	0
30	12.3356861515445	14.3692432777383	7.63157894736842	7.63157894736842	30	15	0
30	17.7317210104483	15.2216867605803	8.10526315789474	8.10526315789474	30	16	0
30	15.8641220090901	16.0741302434223	8.57894736842105	8.57894736842105	30	17	0
30	11.6457130551618	16.9265737262643	9.05263157894737	9.05263157894737	30	18	0
30	17.6921854873379	17.7790172091063	9.52631578947368	9.52631578947368	30	19	0
31	2.37904870689558	2.06768757917457	1	1	31	1	0
31	3.75017133682291	2.95879916083505	1.47368421052632	1.47368421052632	31	2	0
31	8.0384692598772	3.84991074249554	1.94736842105263	1.94736842105263	31	3	0
31	5.77259573021757	4.74102232415603	2.42105263157895	2.42105263157895	31	4	0
31	6.60068073347979	5.63213390581652	2.89473684210526	2.89473684210526	31	5	0
31	10.4827615527139	6.523245487477	3.36842105263158	3.36842105263158	31	6	0
31	8.68499030671525	7.41435706913749	3.84210526315789	3.84210526315789	31	7	0
31	5.94356174131325	8.30546865079798	4.31578947368421	4.31578947368421	31	8	0
31	7.81050482252874	9.19658023245846	4.78947368421053	4.78947368421053	31	9	0
31	9.00341290190535	10.087691814119	5.26315789473684	5.26315789473684	31	10	0
31	13.0534267527737	10.9788033957794	5.73684210526316	5.73684210526316	31	11	0
31	12.0354171277989	11.8699149774399	6.21052631578947	6.21052631578947	31	12	0
31	12.8278586906618	12.7610265591004	6.68421052631579	6.68421052631579	31	13	0
31	12.9582075371534	13.6521381407609	7.15789473684211	7.15789473684211	31	14	0
31	12.3356861515445	14.5432497224214	7.63157894736842	7.63157894736842	31	15	0
31	17.7317210104483	15.4343613040819	8.10526315789474	8.10526315789474	31	16	0
31	15.8641220090901	16.3254728857424	8.57894736842105	8.57894736842105	31	17	0
31	11.6457130551618	17.2165844674029	9.05263157894737	9.05263157894737	31	18	0
31	17.6921854873379	18.1076960490633	9.52631578947368	9.52631578947368	31	19	0
32	2.37904870689558	1.70034064039906	1	1	32	1	0
32	3.75017133682291	2.63012032087802	1.47368421052632	1.47368421052632	32	2	0
32	8.0384692598772	3.55990000135698	1.94736842105263	1.94736842105263	32	3	0
32	5.77259573021757	4.48967968183594	2.42105263157895	2.42105263157895	32	4	0
32	6.60068073347979	5.4194593623149	2.89473684210526	2.89473684210526	32	5	0
32	10.4827615527139	6.34923904279387	3.36842105263158	3.36842105263158	32	6	0
32	8.68499030671525	7.27901872327283	3.84210526315789	3.84210526315789	32	7	0
32	5.94356174131325	8.20879840375179	4.31578947368421	4.31578947368421	32	8	0
32	7.81050482252874	9.13857808423075	4.78947368421053	4.78947368421053	32	9	0
32	9.00341290190535	10.0683577647097	5.26315789473684	5.26315789473684	32	10	0
32	13.0534267527737	10.9981374451887	5.73684210526316	5.73684210526316	32	11	0
32	12.0354171277989	11.9279171256676	6.21052631578947	6.21052631578947	32	12	0
32	12.8278586906618	12.8576968061466	6.68421052631579	6.68421052631579	32	13	0
32	12.9582075371534	13.7874764866256	7.15789473684211	7.15789473684211	32	14	0
32	12.3356861515445	14.7172561671045	7.63157894736842	7.63157894736842	32	15	0
32	17.7317210104483	15.6470358475835	8.10526315789474	8.10526315789474	32	16	0
32	15.8641220090901	16.5768155280624	8.57894736842105	8.57894736842105	32	17	0
32	11.6457130551618	17.5065952085414	9.05263157894737	9.05263157894737	32	18	0
32	17.6921854873379	18.4363748890204	9.52631578947368	9.52631578947368	32	19	0
33	2.37904870689558	1.33299370162355	1	1	33	1	0
33	3.75017133682291	2.30144148092098	1.47368421052632	1.47368421052632	33	2	0
33	8.0384692598772	3.26988926021842	1.94736842105263	1.94736842105263	33	3	0
33	5.77259573021757	4.23833703951586	2.42105263157895	2.42105263157895	33	4	0
33	6.60068073347979	5.20678481881329	2.89473684210526	2.89473684210526	33	5	0
33	10.4827615527139	6.17523259811073	3.36842105263158	3.36842105263158	33	6	0
33	8.68499030671525	7.14368037740817	3.84210526315789	3.84210526315789	33	7	0
33	5.94356174131325	8.11212815670561	4.31578947368421	4.31578947368421	33	8	0
33	7.81050482252874	9.08057593600304	4.78947368421053	4.78947368421053	33	9	0
33	9.00341290190535	10.0490237153005	5.26315789473684	5.26315789473684	33	10	0
33	13.0534267527737	11.0174714945979	5.73684210526316	5.73684210526316	33	11	0
33	12.0354171277989	11.9859192738954	6.21052631578947	6.21052631578947	33	12	0
33	12.8278586906618	12.9543670531928	6.68421052631579	6.68421052631579	33	13	0
33	12.9582075371534	13.9228148324902	7.15789473684211	7.15789473684211	33	14	0
33	12.3356861515445	14.8912626117877	7.63157894736842	7.63157894736842	33	15	0
33	17.7317210104483	15.8597103910851	8.10526315789474	8.10526315789474	33	16	0
33	15.8641220090901	16.8281581703825	8.57894736842105	8.57894736842105	33	17	0
33	11.6457130551618	17.79660594968	9.05263157894737	9.05263157894737	33	18	0
34	2.37904870689558	0.965646762848034	1	1	34	1	0
34	3.75017133682291	1.97276264096395	1.47368421052632	1.47368421052632	34	2	0
34	8.0384692598772	2.97987851907986	1.94736842105263	1.94736842105263	34	3	0
34	5.77259573021757	3.98699439719577	2.42105263157895	2.42105263157895	34	4	0
34	6.60068073347979	4.99411027531168	2.89473684210526	2.89473684210526	34	5	0
34	10.4827615527139	6.00122615342759	3.36842105263158	3.36842105263158	34	6	0
34	8.68499030671525	7.00834203154351	3.84210526315789	3.84210526315789	34	7	0
34	5.94356174131325	8.01545790965942	4.31578947368421	4.31578947368421	34	8	0
34	7.81050482252874	9.02257378777533	4.78947368421053	4.78947368421053	34	9	0
34	9.00341290190535	10.0296896658912	5.26315789473684	5.26315789473684	34	10	0
34	13.0534267527737	11.0368055440072	5.73684210526316	5.73684210526316	34	11	0
34	12.0354171277989	12.0439214221231	6.21052631578947	6.21052631578947	34	12	0
34	12.8278586906618	13.051037300239	6.68421052631579	6.68421052631579	34	13	0
34	12.9582075371534	14.0581531783549	7.15789473684211	7.15789473684211	34	14	0
34	12.3356861515445	15.0652690564708	7.63157894736842	7.63157894736842	34	15	0
34	17.7317210104483	16.0723849345867	8.10526315789474	8.10526315789474	34	16	0
34	15.8641220090901	17.0795008127026	8.57894736842105	8.57894736842105	34	17	0
34	11.6457130551618	18.0866166908185	9.05263157894737	9.05263157894737	34	18	0
35	2.37904870689558	0.598299824072523	1	1	35	1	0
35	3.75017133682291	1.64408380100691	1.47368421052632	1.47368421052632	35	2	0
35	8.0384692598772	2.6898677779413	1.94736842105263	1.94736842105263	35	3	0
35	5.77259573021757	3.73565175487568	2.42105263157895	2.42105263157895	35	4	0
35	6.60068073347979	4.78143573181007	2.89473684210526	2.89473684210526	35	5	0
35	10.4827615527139	5.82721970874446	3.36842105263158	3.36842105263158	35	6	0
35	8.68499030671525	6.87300368567884	3.84210526315789	3.84210526315789	35	7	0
35	5.94356174131325	7.91878766261323	4.31578947368421	4.31578947368421	35	8	0
35	7.81050482252874	8.96457163954761	4.78947368421053	4.78947368421053	35	9	0
35	9.00341290190535	10.010355616482	5.26315789473684	5.26315789473684	35	10	0
35	13.0534267527737	11.0561395934164	5.73684210526316	5.73684210526316	35	11	0
35	12.0354171277989	12.1019235703508	6.21052631578947	6.21052631578947	35	12	0
35	12.8278586906618	13.1477075472852	6.68421052631579	6.68421052631579	35	13	0
35	12.9582075371534	14.1934915242196	7.15789473684211	7.15789473684211	35	14	0
35	12.3356861515445	15.2392755011539	7.63157894736842	7.63157894736842	35	15	0
35	17.7317210104483	16.2850594780883	8.10526315789474	8.10526315789474	35	16	0
35	15.8641220090901	17.3308434550227	8.57894736842105	8.57894736842105	35	17	0
35	11.6457130551618	18.3766274319571	9.05263157894737	9.05263157894737	35	18	0
36	2.37904870689558	0.230952885297016	1	1	36	1	0
36	3.75017133682291	1.31540496104988	1.47368421052632	1.47368421052632	36	2	0
36	8.0384692598772	2.39985703680274	1.94736842105263	1.94736842105263	36	3	0
36	5.77259573021757	3.4843091125556	2.42105263157895	2.42105263157895	36	4	0
36	6.60068073347979	4.56876118830846	2.89473684210526	2.89473684210526	36	5	0
36	10.4827615527139	5.65321326406132	3.36842105263158	3.36842105263158	36	6	0
36	8.68499030671525	6.73766533981418	3.84210526315789	3.84210526315789	36	7	0
36	5.94356174131325	7.82211741556704	4.31578947368421	4.31578947368421	36	8	0
36	7.81050482252874	8.9065694913199	4.78947368421053	4.78947368421053	36	9	0
36	9.00341290190535	9.99102156707276	5.26315789473684	5.26315789473684	36	10	0
36	13.0534267527737	11.0754736428256	5.73684210526316	5.73684210526316	36	11	0
36	12.0354171277989	12.1599257185785	6.21052631578947	6.21052631578947	36	12	0
36	12.8278586906618	13.2443777943313	6.68421052631579	6.68421052631579	36	13	0
36	12.9582075371534	14.3288298700842	7.15789473684211	7.15789473684211	36	14	0
36	12.3356861515445	15.4132819458371	7.63157894736842	7.63157894736842	36	15	0
36	17.7317210104483	16.4977340215899	8.10526315789474	8.10526315789474	36	16	0
36	15.8641220090901	17.5821860973428	8.57894736842105	8.57894736842105	36	17	0
37	2.37904870689558	-0.136394053478495	1	1	37	1	0
37	3.75017133682291	0.986726121092841	1.47368421052632	1.47368421052632	37	2	0
37	8.0384692598772	2.10984629566418	1.94736842105263	1.94736842105263	37	3	0
37	5.77259573021757	3.23296647023551	2.42105263157895	2.42105263157895	37	4	0
37	6.60068073347979	4.35608664480685	2.89473684210526	2.89473684210526	37	5	0
37	10.4827615527139	5.47920681937818	3.36842105263158	3.36842105263158	37	6	0
37	8.68499030671525	6.60232699394952	3.84210526315789	3.84210526315789	37	7	0
37	5.94356174131325	7.72544716852086	4.31578947368421	4.31578947368421	37	8	0
37	7.81050482252874	8.84856734309219	4.78947368421053	4.78947368421053	37	9	0
37	9.00341290190535	9.97168751766353	5.26315789473684	5.26315789473684	37	10	0
37	13.0534267527737	11.0948076922349	5.73684210526316	5.73684210526316	37	11	0
37	12.0354171277989	12.2179278668062	6.21052631578947	6.21052631578947	37	12	0
37	12.8278586906618	13.3410480413775	6.68421052631579	6.68421052631579	37	13	0
37	12.9582075371534	14.4641682159489	7.15789473684211	7.15789473684211	37	14	0
37	12.3356861515445	15.5872883905202	7.63157894736842	7.63157894736842	37	15	0
37	17.7317210104483	16.7104085650915	8.10526315789474	8.10526315789474	37	16	0
37	15.8641220090901	17.8335287396629	8.57894736842105	8.57894736842105	37	17	0
38	3.75017133682291	0.658047281135807	1.47368421052632	1.47368421052632	38	2	1
38	8.0384692598772	1.81983555452562	1.94736842105263	1.94736842105263	38	3	1
38	5.77259573021757	2.98162382791543	2.42105263157895	2.42105263157895	38	4	1
38	6.60068073347979	4.14341210130524	2.89473684210526	2.89473684210526	38	5	1
38	10.4827615527139	5.30520037469505	3.36842105263158	3.36842105263158	38	6	1
38	8.68499030671525	6.46698864808486	3.84210526315789	3.84210526315789	38	7	1
38	5.94356174131325	7.62877692147467	4.31578947368421	4.31578947368421	38	8	1
38	7.81050482252874	8.79056519486448	4.78947368421053	4.78947368421053	38	9	1
38	9.00341290190535	9.95235346825429	5.26315789473684	5.26315789473684	38	10	1
38	13.0534267527737	11.1141417416441	5.73684210526316	5.73684210526316	38	11	1
38	12.0354171277989	12.2759300150339	6.21052631578947	6.21052631578947	38	12	1
38	12.8278586906618	13.4377182884237	6.68421052631579	6.68421052631579	38	13	1
38	12.9582075371534	14.5995065618135	7.15789473684211	7.15789473684211	38	14	1
38	12.3356861515445	15.7612948352033	7.63157894736842	7.63157894736842	38	15	1
38	17.7317210104483	16.9230831085932	8.10526315789474	8.10526315789474	38	16	1
38	15.8641220090901	18.084871381983	8.57894736842105	8.57894736842105	38	17	1
39	3.75017133682291	0.32936844117877	1.47368421052632	1.47368421052632	39	2	1
39	8.0384692598772	1.52982481338706	1.94736842105263	1.94736842105263	39	3	1
39	5.77259573021757	2.73028118559534	2.42105263157895	2.42105263157895	39	4	1
39	6.60068073347979	3.93073755780363	2.89473684210526	2.89473684210526	39	5	1
39	10.4827615527139	5.13119393001191	3.36842105263158	3.36842105263158	39	6	1
39	8.68499030671525	6.3316503022202	3.84210526315789	3.84210526315789	39	7	1
39	5.94356174131325	7.53210667442848	4.31578947368421	4.31578947368421	39	8	1
39	7.81050482252874	8.73256304663677	4.78947368421053	4.78947368421053	39	9	1
39	9.00341290190535	9.93301941884505	5.26315789473684	5.26315789473684	39	10	1
39	13.0534267527737	11.1334757910533	5.73684210526316	5.73684210526316	39	11	1
39	12.0354171277989	12.3339321632616	6.21052631578947	6.21052631578947	39	12	1
39	12.8278586906618	13.5343885354699	6.68421052631579	6.68421052631579	39	13	1
39	12.9582075371534	14.7348449076782	7.15789473684211	7.15789473684211	39	14	1
39	12.3356861515445	15.9353012798865	7.63157894736842	7.63157894736842	39	15	1
39	17.7317210104483	17.1357576520948	8.10526315789474	8.10526315789474	39	16	1
39	15.8641220090901	18.336214024303	8.57894736842105	8.57894736842105	39	17	1
40	3.75017133682291	0.000689601221734115	1.47368421052632	1.47368421052632	40	2	1
40	8.0384692598772	1.23981407224849	1.94736842105263	1.94736842105263	40	3	1
40	5.77259573021757	2.47893854327525	2.42105263157895	2.42105263157895	40	4	1
40	6.60068073347979	3.71806301430201	2.89473684210526	2.89473684210526	40	5	1
40	10.4827615527139	4.95718748532877	3.36842105263158	3.36842105263158	40	6	1
40	8.68499030671525	6.19631195635554	3.84210526315789	3.84210526315789	40	7	1
40	5.94356174131325	7.4354364273823	4.31578947368421	4.31578947368421	40	8	1
40	7.81050482252874	8.67456089840905	4.78947368421053	4.78947368421053	40	9	1
40	9.00341290190535	9.91368536943581	5.26315789473684	5.26315789473684	40	10	1
40	13.0534267527737	11.1528098404626	5.73684210526316	5.73684210526316	40	11	1
40	12.0354171277989	12.3919343114893	6.21052631578947	6.21052631578947	40	12	1
40	12.8278586906618	13.6310587825161	6.68421052631579	6.68421052631579	40	13	1
40	12.9582075371534	14.8701832535429	7.15789473684211	7.15789473684211	40	14	1
40	12.3356861515445	16.1093077245696	7.63157894736842	7.63157894736842	40	15	1
40	17.7317210104483	17.3484321955964	8.10526315789474	8.10526315789474	40	16	1
41	3.75017133682291	-0.327989238735302	1.47368421052632	1.47368421052632	41	2	1
41	8.0384692598772	0.949803331109933	1.94736842105263	1.94736842105263	41	3	1
41	5.77259573021757	2.22759590095517	2.42105263157895	2.42105263157895	41	4	1
41	6.60068073347979	3.5053884708004	2.89473684210526	2.89473684210526	41	5	1
41	10.4827615527139	4.78318104064564	3.36842105263158	3.36842105263158	41	6	1
41	8.68499030671525	6.06097361049087	3.84210526315789	3.84210526315789	41	7	1
41	5.94356174131325	7.33876618033611	4.31578947368421	4.31578947368421	41	8	1
41	7.81050482252874	8.61655875018134	4.78947368421053	4.78947368421053	41	9	1
41	9.00341290190535	9.89435132002658	5.26315789473684	5.26315789473684	41	10	1
41	13.0534267527737	11.1721438898718	5.73684210526316	5.73684210526316	41	11	1
41	12.0354171277989	12.449936459717	6.21052631578947	6.21052631578947	41	12	1
41	12.8278586906618	13.7277290295623	6.68421052631579	6.68421052631579	41	13	1
41	12.9582075371534	15.0055215994075	7.15789473684211	7.15789473684211	41	14	1
41	12.3356861515445	16.2833141692528	7.63157894736842	7.63157894736842	41	15	1
41	17.7317210104483	17.561106739098	8.10526315789474	8.10526315789474	41	16	1
42	8.0384692598772	0.659792589971371	1.94736842105263	1.94736842105263	42	3	2
42	5.77259573021757	1.97625325863508	2.42105263157895	2.42105263157895	42	4	2
42	6.60068073347979	3.29271392729879	2.89473684210526	2.89473684210526	42	5	2
42	10.4827615527139	4.6091745959625	3.36842105263158	3.36842105263158	42	6	2
42	8.68499030671525	5.92563526462621	3.84210526315789	3.84210526315789	42	7	2
42	5.94356174131325	7.24209593328992	4.31578947368421	4.31578947368421	42	8	2
42	7.81050482252874	8.55855660195363	4.78947368421053	4.78947368421053	42	9	2
42	9.00341290190535	9.87501727061734	5.26315789473684	5.26315789473684	42	10	2
42	13.0534267527737	11.191477939281	5.73684210526316	5.73684210526316	42	11	2
42	12.0354171277989	12.5079386079448	6.21052631578947	6.21052631578947	42	12	2
42	12.8278586906618	13.8243992766085	6.68421052631579	6.68421052631579	42	13	2
42	12.9582075371534	15.1408599452722	7.15789473684211	7.15789473684211	42	14	2
42	12.3356861515445	16.4573206139359	7.63157894736842	7.63157894736842	42	15	2
42	17.7317210104483	17.7737812825996	8.10526315789474	8.10526315789474	42	16	2
43	8.0384692598772	0.369781848832812	1.94736842105263	1.94736842105263	43	3	2
43	5.77259573021757	1.724910616315	2.42105263157895	2.42105263157895	43	4	2
43	6.60068073347979	3.08003938379718	2.89473684210526	2.89473684210526	43	5	2
43	10.4827615527139	4.43516815127937	3.36842105263158	3.36842105263158	43	6	2
43	8.68499030671525	5.79029691876155	3.84210526315789	3.84210526315789	43	7	2
43	5.94356174131325	7.14542568624374	4.31578947368421	4.31578947368421	43	8	2
43	7.81050482252874	8.50055445372592	4.78947368421053	4.78947368421053	43	9	2
43	9.00341290190535	9.8556832212081	5.26315789473684	5.26315789473684	43	10	2
43	13.0534267527737	11.2108119886903	5.73684210526316	5.73684210526316	43	11	2
43	12.0354171277989	12.5659407561725	6.21052631578947	6.21052631578947	43	12	2
43	12.8278586906618	13.9210695236547	6.68421052631579	6.68421052631579	43	13	2
43	12.9582075371534	15.2761982911368	7.15789473684211	7.15789473684211	43	14	2
43	12.3356861515445	16.631327058619	7.63157894736842	7.63157894736842	43	15	2
43	17.7317210104483	17.9864558261012	8.10526315789474	8.10526315789474	43	16	2
44	8.0384692598772	0.0797711076942482	1.94736842105263	1.94736842105263	44	3	2
44	5.77259573021757	1.47356797399491	2.42105263157895	2.42105263157895	44	4	2
44	6.60068073347979	2.86736484029557	2.89473684210526	2.89473684210526	44	5	2
44	10.4827615527139	4.26116170659623	3.36842105263158	3.36842105263158	44	6	2
44	8.68499030671525	5.65495857289689	3.84210526315789	3.84210526315789	44	7	2
44	5.94356174131325	7.04875543919755	4.31578947368421	4.31578947368421	44	8	2
44	7.81050482252874	8.4425523054982	4.78947368421053	4.78947368421053	44	9	2
44	9.00341290190535	9.83634917179886	5.26315789473684	5.26315789473684	44	10	2
44	13.0534267527737	11.2301460380995	5.73684210526316	5.73684210526316	44	11	2
44	12.0354171277989	12.6239429044002	6.21052631578947	6.21052631578947	44	12	2
44	12.8278586906618	14.0177397707008	6.68421052631579	6.68421052631579	44	13	2
44	12.9582075371534	15.4115366370015	7.15789473684211	7.15789473684211	44	14	2
44	12.3356861515445	16.8053335033022	7.63157894736842	7.63157894736842	44	15	2
44	17.7317210104483	18.1991303696028	8.10526315789474	8.10526315789474	44	16	2
45	8.0384692598772	-0.210239633444308	1.94736842105263	1.94736842105263	45	3	2
45	5.77259573021757	1.22222533167483	2.42105263157895	2.42105263157895	45	4	2
45	6.60068073347979	2.65469029679396	2.89473684210526	2.89473684210526	45	5	2
45	10.4827615527139	4.08715526191309	3.36842105263158	3.36842105263158	45	6	2
45	8.68499030671525	5.51962022703223	3.84210526315789	3.84210526315789	45	7	2
45	5.94356174131325	6.95208519215136	4.31578947368421	4.31578947368421	45	8	2
45	7.81050482252874	8.38455015727049	4.78947368421053	4.78947368421053	45	9	2
45	9.00341290190535	9.81701512238963	5.26315789473684	5.26315789473684	45	10	2
45	13.0534267527737	11.2494800875088	5.73684210526316	5.73684210526316	45	11	2
45	12.0354171277989	12.6819450526279	6.21052631578947	6.21052631578947	45	12	2
45	12.8278586906618	14.114410017747	6.68421052631579	6.68421052631579	45	13	2
45	12.9582075371534	15.5468749828662	7.15789473684211	7.15789473684211	45	14	2
45	12.3356861515445	16.9793399479853	7.63157894736842	7.63157894736842	45	15	2
45	17.7317210104483	18.4118049131044	8.10526315789474	8.10526315789474	45	16	2
46	5.77259573021757	0.970882689354739	2.42105263157895	2.42105263157895	46	4	3
46	6.60068073347979	2.44201575329235	2.89473684210526	2.89473684210526	46	5	3
46	10.4827615527139	3.91314881722996	3.36842105263158	3.36842105263158	46	6	3
46	8.68499030671525	5.38428188116757	3.84210526315789	3.84210526315789	46	7	3
46	5.94356174131325	6.85541494510517	4.31578947368421	4.31578947368421	46	8	3
46	7.81050482252874	8.32654800904278	4.78947368421053	4.78947368421053	46	9	3
46	9.00341290190535	9.79768107298039	5.26315789473684	5.26315789473684	46	10	3
46	13.0534267527737	11.268814136918	5.73684210526316	5.73684210526316	46	11	3
46	12.0354171277989	12.7399472008556	6.21052631578947	6.21052631578947	46	12	3
46	12.8278586906618	14.2110802647932	6.68421052631579	6.68421052631579	46	13	3
46	12.9582075371534	15.6822133287308	7.15789473684211	7.15789473684211	46	14	3
46	12.3356861515445	17.1533463926684	7.63157894736842	7.63157894736842	46	15	3
47	5.77259573021757	0.719540047034653	2.42105263157895	2.42105263157895	47	4	3
47	6.60068073347979	2.22934120979074	2.89473684210526	2.89473684210526	47	5	3
47	10.4827615527139	3.73914237254682	3.36842105263158	3.36842105263158	47	6	3
47	8.68499030671525	5.2489435353029	3.84210526315789	3.84210526315789	47	7	3
47	5.94356174131325	6.75874469805899	4.31578947368421	4.31578947368421	47	8	3
47	7.81050482252874	8.26854586081507	4.78947368421053	4.78947368421053	47	9	3
47	9.00341290190535	9.77834702357115	5.26315789473684	5.26315789473684	47	10	3
47	13.0534267527737	11.2881481863272	5.73684210526316	5.73684210526316	47	11	3
47	12.0354171277989	12.7979493490833	6.21052631578947	6.21052631578947	47	12	3
47	12.8278586906618	14.3077505118394	6.68421052631579	6.68421052631579	47	13	3
47	12.9582075371534	15.8175516745955	7.15789473684211	7.15789473684211	47	14	3
47	12.3356861515445	17.3273528373516	7.63157894736842	7.63157894736842	47	15	3
48	5.77259573021757	0.468197404714566	2.42105263157895	2.42105263157895	48	4	3
48	6.60068073347979	2.01666666628912	2.89473684210526	2.89473684210526	48	5	3
48	10.4827615527139	3.56513592786368	3.36842105263158	3.36842105263158	48	6	3
48	8.68499030671525	5.11360518943824	3.84210526315789	3.84210526315789	48	7	3
48	5.94356174131325	6.6620744510128	4.31578947368421	4.31578947368421	48	8	3
48	7.81050482252874	8.21054371258736	4.78947368421053	4.78947368421053	48	9	3
48	9.00341290190535	9.75901297416191	5.26315789473684	5.26315789473684	48	10	3
48	13.0534267527737	11.3074822357365	5.73684210526316	5.73684210526316	48	11	3
48	12.0354171277989	12.855951497311	6.21052631578947	6.21052631578947	48	12	3
48	12.8278586906618	14.4044207588856	6.68421052631579	6.68421052631579	48	13	3
48	12.9582075371534	15.9528900204601	7.15789473684211	7.15789473684211	48	14	3
48	12.3356861515445	17.5013592820347	7.63157894736842	7.63157894736842	48	15	3
49	5.77259573021757	0.216854762394483	2.42105263157895	2.42105263157895	49	4	3
49	6.60068073347979	1.80399212278751	2.89473684210526	2.89473684210526	49	5	3
49	10.4827615527139	3.39112948318055	3.36842105263158	3.36842105263158	49	6	3
49	8.68499030671525	4.97826684357358	3.84210526315789	3.84210526315789	49	7	3
49	5.94356174131325	6.56540420396662	4.31578947368421	4.31578947368421	49	8	3
49	7.81050482252874	8.15254156435965	4.78947368421053	4.78947368421053	49	9	3
49	9.00341290190535	9.73967892475268	5.26315789473684	5.26315789473684	49	10	3
49	13.0534267527737	11.3268162851457	5.73684210526316	5.73684210526316	49	11	3
49	12.0354171277989	12.9139536455387	6.21052631578947	6.21052631578947	49	12	3
49	12.8278586906618	14.5010910059318	6.68421052631579	6.68421052631579	49	13	3
49	12.9582075371534	16.0882283663248	7.15789473684211	7.15789473684211	49	14	3
49	12.3356861515445	17.6753657267178	7.63157894736842	7.63157894736842	49	15	3
50	5.77259573021757	-0.034487879925603	2.42105263157895	2.42105263157895	50	4	3
50	6.60068073347979	1.5913175792859	2.89473684210526	2.89473684210526	50	5	3
50	10.4827615527139	3.21712303849741	3.36842105263158	3.36842105263158	50	6	3
50	8.68499030671525	4.84292849770892	3.84210526315789	3.84210526315789	50	7	3
50	5.94356174131325	6.46873395692043	4.31578947368421	4.31578947368421	50	8	3
50	7.81050482252874	8.09453941613193	4.78947368421053	4.78947368421053	50	9	3
50	9.00341290190535	9.72034487534344	5.26315789473684	5.26315789473684	50	10	3
50	13.0534267527737	11.346150334555	5.73684210526316	5.73684210526316	50	11	3
50	12.0354171277989	12.9719557937665	6.21052631578947	6.21052631578947	50	12	3
50	12.8278586906618	14.597761252978	6.68421052631579	6.68421052631579	50	13	3
50	12.9582075371534	16.2235667121895	7.15789473684211	7.15789473684211	50	14	3
50	12.3356861515445	17.849372171401	7.63157894736842	7.63157894736842	50	15	3
